string,nLetters,nSeqs,SA,nPaths,runtime_sa,ASA,runtime_asa
AAA,3,1,3,0,0.0017673,2,4.76e-6
AAAA,4,1,2,1,0.0014891,2,7.655e-6
AAAAAA,6,1,3,2,0.0014162,3,1.185e-5
AAAAAAB,7,1,4,2,0.0019055,4,1.9357e-5
AAAAAACAAC,10,1,5,1,0.0021582,5,6.3369e-5
AAAAABAAACBABAA,15,1,9,1,0.0130867,8,0.000244644
AAAAABAD,8,1,6,1,0.0016374,6,3.4051e-5
AAAAABDCAA,10,1,7,1,0.0018441,7,6.6352e-5
AAAAAC,6,1,4,1,0.0014985,4,1.4641e-5
AAAAADAA,8,1,5,1,0.001942,5,3.2883e-5
AAAAADBAADBAAAA,15,1,8,5,0.011813,7,0.000224175
AAAABAADAABBDABBBADAA,21,1,14,8,0.187582,10,0.000773372
AAAABABDCADCACABBBAA,20,1,14,5,0.0824672,12,0.000650329
AAAABACAABBBDCBDB,17,1,12,1,0.0101389,12,0.000396366
AAAABACBAABA,12,1,7,1,0.0023481,6,0.000124719
AAAABBAAAA,10,1,5,1,0.0020799,5,6.5529e-5
AAAABBADBCCCBBCCBBBA,20,1,14,6,0.0729228,12,0.000654197
AAAABBDADADABBAABBDAD,21,1,11,4,0.288641,9,0.000735599
AAAABCAD,8,1,6,1,0.0016821,6,3.5881e-5
AAAABDADAAAADDADA,17,1,10,5,0.0294872,8,0.000370204
AAAABDBA,8,1,6,1,0.0016733,6,3.581e-5
AAAABDBAABAABDBDB,17,1,8,1,0.0245835,8,0.000360661
AAAAC,5,1,3,1,0.0014002,3,1.1116e-5
AAAACADAACADCDADA,17,1,10,2,0.0168415,9,0.000366527
AAAACADDAA,10,1,7,1,0.0017882,7,6.7883e-5
AAAACBACAAACCBACCC,18,1,11,3,0.0434531,8,0.000607093
AAAACCDBCBBBDBBDA,17,1,13,1,0.0060682,12,0.000372144
AAAACDAAAAAAADAAACCAAAD,23,1,12,6,3.69156,10,0.00106024
AAAADADAAADAAAADAAA,19,1,9,22,0.448116,6,0.000490073
AAAADBAAAAA,11,1,6,1,0.002581,6,8.8453e-5
AAAADCBABDBCBAC,15,1,11,1,0.0044571,11,0.000254515
AAAADDADAADC,12,1,8,2,0.0024103,6,0.000120065
AAABA,5,1,5,0,0.0015423,4,1.282e-5
AAABACDCAAAA,12,1,9,2,0.0019586,8,0.000121067
AAABBAAAAA,10,1,6,1,0.0019265,6,6.5483e-5
AAABBBBDAABCCDAD,16,1,13,4,0.005994,11,0.000308105
AAABCBD,7,1,7,0,0.0015438,6,2.4987e-5
AAABDCBCCAACCBCCDBAC,20,1,15,3,0.0572996,13,0.000656521
AAABDDCABCCDA,13,1,11,1,0.0018582,11,0.000160428
AAACACDCBADAACAACCAAAAD,23,1,16,16,0.875584,13,0.00113715
AAACCBBCAADCCCCCBB,18,1,12,1,0.0150641,12,0.000453802
AAADAAA,7,1,4,1,0.0017068,4,2.3478e-5
AAADAAAABD,10,1,7,2,0.0015707,6,6.6345e-5
AAADAAABBCABBCCCCDBCC,21,1,15,10,0.182262,12,0.000745842
AAADAADABAACAAACCB,18,1,12,2,0.0229738,11,0.000453678
AAADABCBCBCACC,14,1,11,1,0.0020623,11,0.000199529
AAADACCCBACDDDBAA,17,1,14,1,0.0109892,13,0.000373924
AAADACDAAAADAB,14,1,8,1,0.0031503,7,0.00019483
AAADBCCBAACACCADCCAA,20,1,14,1,0.0812738,12,0.000660037
AAADCDDDDDDAB,13,1,10,2,0.0018125,10,0.000155863
AAADDBBACCBBBCDA,16,1,14,1,0.0038781,14,0.000330284
AAADDCCDADCDDBACDCA,19,1,15,2,0.0416232,14,0.000549849
AAB,3,1,3,0,0.0013601,2,5.46e-6
AABA,4,1,4,0,0.0013613,3,9.634e-6
AABAA,5,1,3,1,0.0013795,3,1.233e-5
AABABABAA,9,1,6,5,0.0017967,5,4.3267e-5
AABABABCCDBDBBCBCBC,19,1,13,3,0.0353664,12,0.000540561
AABACBCBABB,11,1,8,1,0.0015389,8,9.2079e-5
AABACDABB,9,1,7,1,0.001434,7,5.1506e-5
AABADDAADCCCCDABBBACCA,22,1,17,4,0.139009,15,0.000899828
AABBAACA,8,1,6,1,0.0013165,6,3.7291e-5
AABBABAABDD,11,1,7,1,0.0015829,6,9.087e-5
AABBBDDADCDADBDCADADDDD,23,1,17,4,0.534498,15,0.00111372
AABBCAACBBCAAB,14,1,8,1,0.0041703,8,0.000197652
AABBDABBBCD,11,1,8,1,0.0016105,8,9.3706e-5
AABBDCD,7,1,7,0,0.001416,6,2.7021e-5
AABBDCDAABBDCCBDBACBCADDD,25,1,18,2,1.98193,17,0.00137951
AABCAAAD,8,1,6,1,0.0017135,6,3.7779e-5
AABCABCAB,9,1,5,2,0.0018792,5,4.1421e-5
AABCADA,7,1,7,0,0.0016848,6,2.5906e-5
AABCBACBCAAAACBAC,17,1,11,4,0.0152241,10,0.000371806
AABCBB,6,1,6,0,0.0018544,5,1.9707e-5
AABCBCBCBACACBCCBAC,19,1,12,6,0.0722824,10,0.00053922
AABCBDAACBBBAABC,16,1,11,2,0.0054423,10,0.000308177
AABCBDDACBADCBB,15,1,12,1,0.0023555,12,0.000268885
AABCCAAAAAADAABCCCCCAAAA,24,1,12,2,7.73045,11,0.00115444
AABCDCABBBAAABCCAABCD,21,1,12,1,0.227527,12,0.000779706
AABCDDCBDCCADCBBC,17,1,12,1,0.0062849,12,0.000382845
AABDAADDBBAD,12,1,10,2,0.0014514,9,0.0001262
AABDCCDBBABABC,14,1,11,1,0.0020793,11,0.000201971
AABDDABCCCDDC,13,1,10,1,0.0020934,10,0.00016201
AABDDCCBCACDABBCCCCC,20,1,15,1,0.046932,15,0.000653907
AAC,3,1,3,0,0.0014272,2,5.559e-6
AACA,4,1,4,0,0.0013227,3,9.531e-6
AACABAADAA,10,1,7,1,0.0018812,7,7.0579e-5
AACABBBDBB,10,1,8,1,0.0016062,8,6.8326e-5
AACABCCAAACAADB,15,1,10,1,0.0041199,9,0.000249557
AACADCADDDADBD,14,1,10,1,0.0023402,10,0.000199273
AACBBBBBDDACB,13,1,9,1,0.0019135,9,0.000157452
AACBBDDCAAACBBDA,16,1,10,1,0.0063139,10,0.000297094
AACBCBADCBBBAABBACDCDC,22,1,16,10,0.28273,13,0.000970207
AACBCDDDDAADAAADAAAAC,21,1,13,5,0.219213,11,0.000746197
AACCA,5,1,5,0,0.0016929,4,1.2466e-5
AACCAAABCAAAADDABD,18,1,12,1,0.02399,11,0.000451154
AACCAACAAAAA,12,1,7,2,0.0031067,6,0.0001134
AACCAADDDAABDBDC,16,1,12,1,0.0038973,12,0.000324766
AACCBCBCCAAC,12,1,8,2,0.0021788,7,0.000120086
AACCDBADADBABBC,15,1,12,1,0.0032442,12,0.00027088
AACDABCADABCAAABCA,18,1,10,2,0.0305749,9,0.000446361
AACDACBABABBABBABACACB,22,1,13,5,0.681684,11,0.000951557
AACDACDCCAACCAAACA,18,1,11,2,0.0266583,10,0.000451138
AACDBABCA,9,1,9,0,0.0017225,8,5.1869e-5
AACDCCBCBBCBBD,14,1,10,1,0.0028278,10,0.000193767
AACDDDDAADAADCCDDA,18,1,11,1,0.0366857,10,0.000453402
AAD,3,1,3,0,0.0016673,2,5.62e-6
AADAABD,7,1,5,1,0.0016357,5,2.5077e-5
AADABCCBCCBDD,13,1,10,2,0.0023738,10,0.00015671
AADAD,5,1,3,1,0.0014847,3,1.2135e-5
AADADADADADAD,13,1,5,2,0.0047975,5,8.8826e-5
AADBCAAAAAABCAAB,16,1,9,1,0.0192404,8,0.000376679
AADBDBDBBBBBBDAB,16,1,12,6,0.011093,11,0.000296012
AADCADCAAAAA,12,1,7,1,0.002224,7,0.00011412
AADCBABCDD,10,1,10,0,0.0016621,9,6.9557e-5
AADCDAA,7,1,5,1,0.0017895,5,2.5538e-5
AADCDBBBBCCBCBDCADBAC,21,1,17,4,0.110605,15,0.000849098
AADCDDC,7,1,5,1,0.0017964,5,2.519e-5
AADDABCBACCAACCAACCACCACA,25,1,15,1,3.28726,13,0.00135362
AADDADAA,8,1,6,3,0.0017867,5,3.674e-5
AADDADDBBADDADDCADDA,20,1,10,2,0.154642,9,0.000699999
AADDADDDBDDD,12,1,8,2,0.0019437,7,0.000118784
AADDBDCADCBCBCCAC,17,1,14,5,0.0074349,12,0.000375946
AADDDDDDDAB,11,1,8,2,0.0022987,7,8.0033e-5
ABAAAAAABAA,11,1,6,2,0.0020779,5,8.1875e-5
ABAAAABAAACBABBACDAA,20,1,12,1,0.14312,11,0.000724268
ABAAACDAADDAAADCADA,19,1,14,2,0.0479976,12,0.000545774
ABAAACDCCACDADDCB,17,1,14,2,0.0101478,13,0.00039383
ABAAADAABABACDAADADD,20,1,13,6,0.168414,11,0.000656066
ABAAADDCAAADB,13,1,9,1,0.0026131,9,0.000159041
ABAABAA,7,1,4,2,0.0017371,4,2.101e-5
ABAABABCCBAACCBDDBD,19,1,13,2,0.0581617,10,0.000547016
ABAABADAAABABA,14,1,8,2,0.0074127,7,0.000194464
ABAABBA,7,1,5,2,0.003409,4,2.4533e-5
ABAABBABBAAB,12,1,7,4,0.0037869,6,0.000117368
ABAABBCCDAABCDBCACAABDCD,24,1,15,1,1.27915,14,0.00121845
ABAACAADABDACABB,16,1,12,4,0.0061013,10,0.000329364
ABAACBCBDBBBBBCD,16,1,13,2,0.0042021,12,0.000311158
ABAADAAADBBDBDBDCDC,19,1,14,4,0.0391197,12,0.000545787
ABAADABAAAAABDDA,16,1,10,1,0.0118484,9,0.000302858
ABABA,5,1,3,2,0.0015871,3,1.0743e-5
ABABAA,6,1,4,2,0.0015098,4,1.579e-5
ABABAAA,7,1,5,2,0.0018348,5,2.3462e-5
ABABAACDADAABDADCD,18,1,13,6,0.032367,10,0.000459156
ABABABABABAABABADABCA,21,1,10,2,0.605262,9,0.000682388
ABABACBDDACBBAABDCBD,20,1,14,5,0.105736,12,0.000653582
ABABADDCADDCDABACBADDBBDD,25,1,16,6,2.73207,14,0.00138587
ABABBABA,8,1,5,5,0.0013622,4,3.1879e-5
ABABBADBDCDAAADADADAAADA,24,1,15,3,2.25785,13,0.0011826
ABABBCCDDABBABB,15,1,9,1,0.0033046,9,0.00024881
ABABCBBBD,9,1,7,1,0.0014251,7,4.8688e-5
ABADABBCDDCBDBCDCB,18,1,13,2,0.0096686,12,0.000456036
ABADACA,7,1,7,0,0.0012465,6,2.5848e-5
ABADCABD,8,1,6,1,0.0016726,6,3.5822e-5
ABADCBABAACCAADABA,18,1,13,5,0.0171728,11,0.000457554
ABADCCACBBDDBDDCD,17,1,14,2,0.0059919,13,0.000374401
ABBAABABAABABABB,16,1,7,1,0.0319848,6,0.000274494
ABBAACBADCBBBBAAAAAAC,21,1,14,3,0.17537,12,0.000757718
ABBABBB,7,1,4,1,0.0018776,4,2.3031e-5
ABBABDACBADDCD,14,1,12,2,0.0030233,11,0.00020736
ABBACAACBDABDAAA,16,1,12,2,0.0065649,10,0.000312707
ABBACCDDDDABDAD,15,1,12,1,0.0039157,11,0.000253719
ABBB,4,1,4,0,0.0013886,3,9.008e-6
ABBBACDCDBBAABDA,16,1,11,1,0.0058587,11,0.000314743
ABBBB,5,1,3,1,0.0016444,3,1.1214e-5
ABBBBADBBA,10,1,6,1,0.0018577,6,6.9681e-5
ABBBBBBBBBBABB,14,1,6,1,0.0137752,6,0.000190168
ABBBBBBBBCA,11,1,6,1,0.0019812,6,7.5843e-5
ABBBBBBBBCBBBBBB,16,1,7,3,0.052283,6,0.000359731
ABBBBDAAACDB,12,1,10,1,0.0014531,10,0.000117863
ABBBCABA,8,1,6,1,0.0013769,6,3.7167e-5
ABBBDADCDDBBDCB,15,1,12,2,0.0030062,11,0.000252084
ABBBDDCADD,10,1,8,1,0.0014445,8,7.1559e-5
ABBCAAAB,8,1,6,1,0.0013813,6,3.6137e-5
ABBCAABBCBCAA,13,1,8,4,0.0025195,6,0.00015634
ABBCADACBCDACDDCDCA,19,1,14,1,0.032298,12,0.000567787
ABBCBBCBDBBAACCDBDBC,20,1,15,8,0.0702892,13,0.000646025
ABBCBDBCBDCDBDDCDCDD,20,1,13,1,0.0507935,12,0.0006471
ABBCDBCCCCBCBCBD,16,1,12,3,0.0054366,11,0.000308736
ABBD,4,1,4,0,0.0015648,3,9.225e-6
ABBDAACADDBDBCDDA,17,1,14,2,0.0068151,13,0.000404909
ABBDABBDAAABCBBBBDABACBB,24,1,14,3,1.8352,12,0.00119688
ABBDACCCBDDB,12,1,10,1,0.0017981,10,0.000123997
ABBDBCDDADBBAD,14,1,11,1,0.0019673,10,0.000201854
ABBDCABAACABBDDCCC,18,1,13,3,0.0188971,11,0.000468854
ABBDCDDAB,9,1,7,1,0.0015153,7,5.1752e-5
ABBDDDADBCDDACCDCDCBBCBC,24,1,18,4,0.934158,16,0.0012888
ABCAAABABACCAADBACDBAB,22,1,14,1,0.368885,13,0.000895414
ABCAAACADBBDADBDDAA,19,1,15,5,0.0407564,12,0.00057051
ABCAAADBBDBBCBABDDBB,20,1,14,1,0.0531506,13,0.000656293
ABCAACDACDADAADABBBCA,21,1,14,2,0.197258,11,0.00076815
ABCACACADBCBCDCDCCAD,20,1,13,2,0.15597,12,0.000654778
ABCACCCABCA,11,1,7,2,0.0025848,6,8.9919e-5
ABCACDCDC,9,1,7,2,0.0019357,7,4.9509e-5
ABCACDDBAC,10,1,8,1,0.0019123,8,6.9239e-5
ABCBB,5,1,5,0,0.0017668,4,1.2723e-5
ABCBBBCD,8,1,6,1,0.0020603,6,3.6749e-5
ABCBDAAADCCBBDDDD,17,1,14,1,0.0082378,13,0.000375218
ABCBDDBDAADAAA,14,1,11,2,0.0027911,10,0.000200753
ABCCADABAADABDBBAA,18,1,13,2,0.0188695,11,0.000449861
ABCCBCBBACBCDDABD,17,1,13,3,0.0119871,11,0.000376099
ABCCDBCCBCDABCB,15,1,10,3,0.0056717,9,0.000250034
ABCDAAACBDCC,12,1,12,0,0.0019231,11,0.00013047
ABCDABCDCACBACB,15,1,9,1,0.0054798,9,0.000247004
ABCDACCBADDCDCBBCADA,20,1,16,5,0.0436858,14,0.000737017
ABCDCAAACCBBABBCBDADDAC,23,1,19,2,0.357868,17,0.00105707
ABCDCACCA,9,1,7,1,0.0013779,7,5.4271e-5
ABCDCDCAD,9,1,7,2,0.0014017,7,4.8772e-5
ABCDDDACDCBBADAAABBABDA,23,1,17,4,0.442927,15,0.00111593
ABDA,4,1,4,0,0.0014447,3,1.1469e-5
ABDABAABAAAA,12,1,8,4,0.0028775,7,0.000120551
ABDABDDABADDAAAADAAAACA,23,1,14,2,0.88777,11,0.00103995
ABDACBBDBDBACDDBCACDC,21,1,15,3,0.209433,14,0.000778721
ABDACBCCBDDCDCBDD,17,1,12,2,0.0163502,11,0.000376723
ABDADD,6,1,6,0,0.0021492,5,1.7871e-5
ABDADDAAAD,10,1,8,2,0.0018225,7,6.8578e-5
ABDBAADBBDABBCAADCD,19,1,15,4,0.0230696,13,0.000552335
ABDBAB,6,1,4,1,0.0017276,4,1.8086e-5
ABDBCAABCACBAB,14,1,10,2,0.0041065,9,0.000202361
ABDBDDAB,8,1,6,2,0.0016279,5,3.6588e-5
ABDBDDBBCAADABDDDDC,19,1,15,6,0.03664,13,0.00055738
ABDBDDCCAADDC,13,1,10,2,0.0019644,9,0.000160328
ABDBDDDDADBA,12,1,9,1,0.0022551,8,0.00012367
ABDCAC,6,1,6,0,0.001922,5,1.7497e-5
ABDCADABACBADCABADDDDDA,23,1,16,1,0.60804,13,0.00113386
ABDCADCBBC,10,1,8,1,0.0019225,8,7.0813e-5
ABDCBD,6,1,4,1,0.0017788,4,1.7197e-5
ABDCCACADBCACBACC,17,1,13,1,0.0119344,12,0.000378181
ABDDAA,6,1,6,0,0.001659,5,1.9868e-5
ABDDAAAAAADCBAACACABCADC,24,1,17,4,1.47648,15,0.00128412
ABDDADDAADBADDAACBDB,20,1,13,2,0.0958508,11,0.000664177
ABDDBABACAABADACCCCBBA,22,1,17,4,0.222889,14,0.000898536
ABDDBBDDDCCDDBCCA,17,1,12,2,0.0116972,11,0.000379047
ABDDC,5,1,5,0,0.0013287,4,1.2704e-5
ABDDDBCCBDBAACBDCABAAAADA,25,1,18,1,1.88811,17,0.0014013
ABDDDDAD,8,1,6,1,0.0017639,6,3.6179e-5
ACA,3,1,3,0,0.0014566,2,6.027e-6
ACAAACCB,8,1,6,1,0.0014832,6,3.7459e-5
ACAAADDDDCCADCAAAAABC,21,1,14,1,0.232395,13,0.000764005
ACAAB,5,1,5,0,0.001636,4,1.2766e-5
ACAABBBADCACC,13,1,11,2,0.0021688,11,0.000166444
ACAACABAACAAACAD,16,1,8,2,0.0123742,7,0.000309995
ACAACBACDCAAACBCACA,19,1,11,1,0.0797824,10,0.000538306
ACAACDABCBCAA,13,1,10,3,0.0024609,9,0.000164412
ACAADCACBBBCC,13,1,11,2,0.0017245,11,0.00015969
ACAADCBDDD,10,1,10,0,0.001701,9,6.9808e-5
ACABCAADBDBAADCCBDAB,20,1,15,1,0.0429492,13,0.000652792
ACABCCCDCD,10,1,8,1,0.0013963,8,7.1522e-5
ACABDAACDBDCAABCA,17,1,13,4,0.0097295,11,0.000381311
ACABDCBACBDBCCADCBCACAAD,24,1,17,4,1.3694,14,0.00122667
ACAC,4,1,2,1,0.001711,2,7.371e-6
ACACAABDABDAACADBDABD,21,1,12,6,0.25337,10,0.000758577
ACACACAACACCACBAB,17,1,10,5,0.0221752,8,0.000373993
ACACACADAAAC,12,1,8,2,0.0022771,7,0.000119744
ACACACBCCDBABCACBB,18,1,13,4,0.0205471,12,0.000453976
ACACCCCCAA,10,1,7,2,0.0015073,6,6.6669e-5
ACACDACACDACACCAADC,19,1,10,4,0.042352,9,0.000487091
ACACDCBBBDDBCDDDBCDDDBD,23,1,15,4,0.816595,14,0.00099867
ACAD,4,1,4,0,0.0013397,3,9.713e-6
ACADAAAAC,9,1,7,2,0.001407,6,4.9118e-5
ACADAABCBABBAABBCAA,19,1,14,2,0.0350714,11,0.000551864
ACADADAAADACDACA,16,1,11,13,0.006578,8,0.000305986
ACADBABCBDC,11,1,11,0,0.0014377,10,9.5205e-5
ACADCCADBDDBDCDBDACAC,21,1,13,2,0.178275,11,0.000763115
ACADCCCBBDDDDDCAADCC,20,1,14,1,0.0602774,13,0.000727948
ACADDDDDBBABDBBACB,18,1,13,2,0.0171314,12,0.000446394
ACB,3,1,3,0,0.0013234,2,5.585e-6
ACBA,4,1,4,0,0.0014038,3,1.1353e-5
ACBABAAABDACBA,14,1,9,1,0.002459,8,0.000200797
ACBADCDDBAABAACDCACDAA,22,1,16,12,0.264761,13,0.00099127
ACBBACBADBCDBDCDCB,18,1,13,3,0.0121639,10,0.000461311
ACBBADACBBADAADDCBCACCADB,25,1,16,5,2.24745,15,0.00135901
ACBBBBBBBB,10,1,5,1,0.0016226,5,4.8577e-5
ACBBCDCACDADCAADBDDABCDC,24,1,17,1,1.00513,14,0.00121097
ACBBDBDADABACDDADBD,19,1,14,6,0.0657831,12,0.000549086
ACBCBADBCDDBB,13,1,10,1,0.0020861,9,0.000161348
ACBCCBBBBBBAAABCB,17,1,13,5,0.0083912,12,0.00036984
ACBCCDDDBDDAABCACBBDBDBDB,25,1,18,4,2.28747,16,0.00137656
ACBDABCCADAA,12,1,10,1,0.0019274,10,0.000124041
ACBDB,5,1,5,0,0.001701,4,1.2738e-5
ACBDBDBDBDAADDCDDDAC,20,1,13,1,0.0845585,12,0.000640284
ACBDCDBAAAACACCCCBBBAABBB,25,1,19,8,3.18069,16,0.00138318
ACC,3,1,3,0,0.0017022,2,5.466e-6
ACCA,4,1,4,0,0.0016316,3,9.291e-6
ACCAA,5,1,5,0,0.0013191,4,1.3025e-5
ACCABCBBDBAAACBABDBDDBAB,24,1,18,12,0.865253,15,0.00128243
ACCACCCACDBBBBDB,16,1,11,6,0.0074108,9,0.000305947
ACCACCCADCDCDBBBABDA,20,1,16,4,0.0601218,15,0.000672558
ACCACDCACDCAAACD,16,1,9,2,0.0198219,8,0.000287438
ACCBAACDDACBDADDCAB,19,1,15,3,0.0384744,13,0.000617305
ACCBBDCDBBBAABBDBCBADCCA,24,1,18,1,0.842957,16,0.00121899
ACCBCCBCDADACBBCBBCDACC,23,1,14,4,1.4202,12,0.00103172
ACCC,4,1,4,0,0.0020306,3,9.211e-6
ACCCAAAA,8,1,6,1,0.0019617,6,3.7103e-5
ACCCACCACC,10,1,5,1,0.0022676,5,6.1055e-5
ACCCADADCACDBDCCAACD,20,1,14,3,0.0853179,12,0.000651506
ACCCBABBAAAABBBAC,17,1,13,4,0.0136113,11,0.00037495
ACCCBDCBDADAB,13,1,10,2,0.0018446,9,0.000157405
ACCCC,5,1,3,1,0.0014202,3,1.1361e-5
ACCCCBBBBBC,11,1,8,1,0.0018561,8,8.7763e-5
ACCCDA,6,1,6,0,0.0012324,5,1.7456e-5
ACCDACCCCCD,11,1,7,2,0.0016655,6,8.7639e-5
ACCDACDDDADDCDCA,16,1,12,2,0.0041178,10,0.000310274
ACCDBACCA,9,1,6,1,0.0013042,6,5.1153e-5
ACCDCACCD,9,1,5,1,0.001481,5,4.7241e-5
ACCDCDCCC,9,1,6,1,0.0013061,6,5.2436e-5
ACCDDABCBB,10,1,10,0,0.0014308,9,6.9384e-5
ACDA,4,1,4,0,0.0014499,3,9.369e-6
ACDAACDACCD,11,1,6,1,0.0015503,5,9.6912e-5
ACDABAACDAABAABABBABDBA,23,1,14,6,1.24842,11,0.00104293
ACDACAABA,9,1,7,1,0.0014048,7,5.2659e-5
ACDACACDACCBCACABCABACDB,24,1,13,2,1.67194,11,0.00120652
ACDADDDDCCCCCDC,15,1,11,1,0.0039881,10,0.000247374
ACDBAAADDBBCBABAA,17,1,13,1,0.0073607,12,0.000379563
ACDBAADDDB,10,1,8,1,0.0014706,8,6.9958e-5
ACDBABBBBBAADCAAACDD,20,1,15,2,0.0677645,14,0.000658822
ACDCAAABDBBDACADCDCC,20,1,15,1,0.0676698,14,0.000654066
ACDCABCCCABBDDCACAAACDAAA,25,1,18,5,2.37952,14,0.00140473
ACDCBCDCCADDBDACD,17,1,13,2,0.0065462,12,0.000382308
ACDCCDCBDCDA,12,1,8,2,0.0017832,8,0.00012032
ACDCDACDCB,10,1,6,2,0.0018927,5,6.5214e-5
ACDCDBABA,9,1,6,1,0.0017529,6,5.1043e-5
ACDCDDCCCDCD,12,1,7,2,0.002552,6,0.000122455
ACDD,4,1,4,0,0.0016868,3,9.334e-6
ACDDAAC,7,1,5,1,0.0019668,5,2.4562e-5
ACDDACAACCDADACAADD,19,1,13,10,0.0601527,10,0.000547549
ACDDADDDDCC,11,1,8,1,0.0019332,8,0.000133381
ACDDBDADBDBCDC,14,1,10,2,0.0035855,9,0.000202057
ACDDCCAAACDCAACCDD,18,1,12,2,0.0263118,9,0.00045994
ADAA,4,1,4,0,0.0014228,3,9.452e-6
ADAAAADAAAAADAA,15,1,7,9,0.0123601,5,0.000209447
ADAAADABBACB,12,1,9,1,0.0019223,9,0.000123367
ADAAADBCBCABDB,14,1,11,1,0.0024991,10,0.000207019
ADAACBA,7,1,7,0,0.0012398,6,2.4914e-5
ADAACCDBADBDB,13,1,10,2,0.0018741,9,0.000158384
ADAACDACAAAA,12,1,9,3,0.0016985,7,0.000124766
ADAACDCCCDCAAC,14,1,10,2,0.0027108,9,0.000200423
ADAADAADDCDDAAD,15,1,9,3,0.0053133,8,0.00023766
ADAADBDBADDDAAA,15,1,11,2,0.0027457,9,0.000250826
ADAADDACACD,11,1,8,1,0.0015052,7,9.1512e-5
ADABBA,6,1,6,0,0.0013179,5,1.7442e-5
ADABBDAAADABBAAAA,17,1,10,3,0.012459,9,0.000386635
ADABDAADCDCCDADDCDCB,20,1,13,1,0.100672,11,0.0006573
ADABDBBCBDBBBBAADDAAABB,23,1,15,1,0.70294,14,0.0011282
ADABDD,6,1,6,0,0.0014082,5,1.7544e-5
ADACBBCBA,9,1,7,1,0.0016314,7,5.259e-5
ADACBCCAAACACAACAACCAD,22,1,14,2,0.59261,11,0.000899543
ADACCACCCADADADADADDAA,22,1,13,5,0.653179,11,0.000920566
ADACDACDD,9,1,6,2,0.0014565,6,4.8102e-5
ADACDADADDBDC,13,1,10,3,0.0019591,9,0.000158901
ADAD,4,1,2,1,0.0016287,2,7.335e-6
ADADABABADAD,12,1,6,1,0.0021084,6,0.0001134
ADADACBDBDCD,12,1,9,2,0.0023598,9,0.000123853
ADADADADDDDA,12,1,7,2,0.0027412,6,0.000107374
ADADBABBDCAAB,13,1,10,1,0.001805,10,0.000162291
ADADDAB,7,1,5,2,0.0017001,4,2.4328e-5
ADADDBDBACDBDBCDDC,18,1,12,1,0.0337885,11,0.00045613
ADB,3,1,3,0,0.0012523,2,6.084e-6
ADBAACA,7,1,7,0,0.0016129,6,2.578e-5
ADBAACCCA,9,1,9,0,0.0013856,8,5.1762e-5
ADBABCAC,8,1,8,0,0.0016319,7,3.7808e-5
ADBACBCCBAADD,13,1,10,2,0.0023405,9,0.000163871
ADBADBCABADBCABBBBBDABBB,24,1,13,2,2.26252,12,0.00119546
ADBBBACACADACBABBBACACBAA,25,1,14,4,3.39942,12,0.00137639
ADBBBBDDAAABDDABADD,19,1,14,6,0.0269106,11,0.000544571
ADBBBDDACCCDB,13,1,11,1,0.0016522,11,0.000160031
ADBBDABDDD,10,1,8,1,0.001789,8,8.7554e-5
ADBBDBD,7,1,5,2,0.0015667,4,2.3097e-5
ADBBDDCBBADAABDDDABBAD,22,1,15,2,0.435607,13,0.000896672
ADBCBBDBDBBBCCDAAD,18,1,14,5,0.0239368,12,0.000457875
ADBCCAAAACCCACCCCAD,19,1,13,10,0.0635814,11,0.000533261
ADBDBCDADCDDDBAC,16,1,12,2,0.0067573,11,0.000311865
ADBDCCBBDCDADBAC,16,1,12,2,0.0046331,11,0.000312181
ADBDDACDBAB,11,1,9,1,0.0018405,9,9.441e-5
ADBDDCBADBCADB,14,1,9,1,0.0031434,9,0.000200119
ADCAAABCACDDBC,14,1,12,2,0.002951,11,0.00020756
ADCAACCCABB,11,1,9,1,0.0016922,9,9.3887e-5
ADCAADCADDCC,12,1,7,1,0.0021624,6,0.000119535
ADCACACBDDCDCAC,15,1,9,1,0.004057,9,0.000247316
ADCACCBCADBDDCCBCC,18,1,13,3,0.0189118,11,0.000461214
ADCADCDCACAAADADDCA,19,1,11,1,0.098163,9,0.000543943
ADCADDBCBD,10,1,8,1,0.001655,8,6.9881e-5
ADCBAADCADB,11,1,7,1,0.0016292,7,9.2856e-5
ADCBCCABCCBABAB,15,1,11,4,0.0030169,10,0.0002498
ADCBDACDCDDDDAABA,17,1,14,3,0.0089084,12,0.000377753
ADCBDBCDCBDADCDADAABDA,22,1,15,8,0.398489,12,0.000904026
ADCBDDBDCAADDCBBDD,18,1,13,6,0.020385,10,0.00046076
ADCCAADDDDDDBDCCBADD,20,1,13,1,0.0883312,12,0.000644335
ADCCBCDB,8,1,8,0,0.0015727,7,3.6308e-5
ADCCBDAAAAACDC,14,1,11,1,0.0020827,11,0.000194709
ADCCCAADBBDDBBACAB,18,1,14,2,0.0125171,13,0.000460446
ADCCCADBDDACDC,14,1,12,2,0.002064,11,0.000204204
ADCCCDCDDBABBBBCCACB,20,1,16,2,0.0575624,15,0.000649553
ADCCDABACDABB,13,1,9,1,0.0017716,9,0.000157632
ADCD,4,1,4,0,0.0012593,3,9.423e-6
ADCDAAADAAADCDAAAAADC,21,1,10,6,0.695436,8,0.000720159
ADCDAADADABBBDDABDB,19,1,14,5,0.0295107,12,0.000546828
ADCDACABCADDADADDDC,19,1,14,5,0.0360165,11,0.000547215
ADCDCCBADBAACDACDA,18,1,13,6,0.0281846,11,0.000450748
ADCDCDDDCADDAC,14,1,10,1,0.0044712,9,0.0002028
ADCDDCABBBDACCCCDCB,19,1,15,1,0.0379615,15,0.000553164
ADD,3,1,3,0,0.0019411,2,6.354e-6
ADDAAAAACA,10,1,8,1,0.0025647,8,6.6863e-5
ADDAADADDADDDDDCDADDAA,22,1,12,4,1.27736,9,0.000873574
ADDADA,6,1,4,2,0.0018058,3,1.6314e-5
ADDADACAADABBAADB,17,1,12,3,0.0134034,10,0.000381862
ADDBACCBDDDDBCBCDCBB,20,1,14,1,0.0993165,13,0.000656379
ADDBBABAAD,10,1,7,1,0.0019473,7,6.8777e-5
ADDBBBDDDDDBBDDCBADD,20,1,12,1,0.183481,11,0.000644735
ADDBBC,6,1,6,0,0.0019353,5,1.7684e-5
ADDBCCAACDACBBCAAAABCAAB,24,1,17,3,0.783806,15,0.00122662
ADDBDB,6,1,4,1,0.0017473,4,1.7165e-5
ADDBDCAACBCDD,13,1,11,1,0.0022758,11,0.00015946
ADDCBABDDCA,11,1,8,1,0.0020411,8,9.3017e-5
ADDCBBDCACBCDBDC,16,1,12,2,0.005377,11,0.000307258
ADDCC,5,1,5,0,0.0017942,4,1.2381e-5
ADDCCDCDCBADADCCCC,18,1,12,4,0.0332981,10,0.000533087
ADDCDDCDDDCDDDDDADD,19,1,9,1,0.228962,8,0.000514043
ADDD,4,1,4,0,0.0014245,3,9.18e-6
ADDDAADDCA,10,1,7,1,0.00144,7,7.1339e-5
ADDDCDADABDACABDC,17,1,13,4,0.0070165,10,0.000375722
ADDDDAADADAADA,14,1,8,2,0.0067493,7,0.000187718
ADDDDAD,7,1,5,2,0.0015245,4,2.3676e-5
ADDDDCABDDBBCCABCAB,19,1,12,1,0.0373306,11,0.000565409
ADDDDDD,7,1,4,2,0.0017973,4,1.8886e-5
ADDDDDDABCBBDDCDDDDD,20,1,13,3,0.138779,12,0.000645778
BAA,3,1,3,0,0.0016674,2,5.463e-6
BAAAAAB,7,1,5,1,0.0015527,5,2.4499e-5
BAAAAADBADBB,12,1,8,1,0.0017845,7,0.000120168
BAAAADDB,8,1,6,1,0.0013237,6,3.7534e-5
BAAABAAAAAA,11,1,5,1,0.001902,5,8.1365e-5
BAAABCCBBAACC,13,1,9,1,0.0025272,9,0.000161869
BAAACABAAAADBAA,15,1,9,2,0.0072391,8,0.000247262
BAAACBCCCADABDACC,17,1,14,1,0.0063229,13,0.000400544
BAAADAAABDABAABABAA,19,1,12,9,0.115863,9,0.000543276
BAAADDD,7,1,7,0,0.0015751,6,2.47e-5
BAABAAADBAADBADDAD,18,1,10,1,0.0336557,8,0.00045001
BAABADADABAAAAAA,16,1,10,3,0.0104193,8,0.00029922
BAABCABBDACABBCABBCAAAAAB,25,1,14,1,4.21383,13,0.00137579
BAABCCBCBCABAAABCBDD,20,1,14,7,0.0866514,12,0.000650163
BAABDBBDADBBBCBBBABABBDD,24,1,17,6,1.36595,14,0.00121918
BAABDCBCABCAACABAADCDB,22,1,15,1,0.388372,13,0.000904328
BAACADAAAD,10,1,7,1,0.0017967,7,6.8711e-5
BAACADABDDDDCBD,15,1,13,2,0.0025745,12,0.000268302
BAACBAABDADD,12,1,9,1,0.0016859,9,0.000123363
BAACBDDBDDBBDD,14,1,9,1,0.0033267,9,0.000194841
BAADAABBDAADAAABDDABABAA,24,1,15,8,2.98982,12,0.00119697
BAADABBBBBACDABBAADABBAAB,25,1,14,11,5.24696,10,0.00134129
BAADABCBCBCCA,13,1,10,1,0.002369,10,0.000157143
BAADBDDBDDC,11,1,8,2,0.0019615,8,8.8945e-5
BAADCABACDACCDABDCAAD,21,1,15,2,0.137206,12,0.000774569
BAADCBADAABADBACCC,18,1,13,3,0.0230249,11,0.000454728
BAADDBCBAA,10,1,7,1,0.0016461,7,6.7805e-5
BAADDDDADAD,11,1,8,2,0.0020654,7,9.328e-5
BAB,3,1,3,0,0.0015101,2,5.571e-6
BABACBBADBA,11,1,7,1,0.0017266,7,9.7058e-5
BABBA,5,1,3,1,0.0017994,3,1.2236e-5
BABBAABAABCB,12,1,8,2,0.0027937,7,0.000118988
BABBABA,7,1,4,2,0.0017221,3,2.2592e-5
BABBABBCCDAABBBABA,18,1,12,5,0.0306965,11,0.000577232
BABBADDBADDACBBAABB,19,1,13,6,0.0397592,10,0.000557901
BABBBAABBABBDBDCBDBBABB,23,1,13,1,1.6293,10,0.00106775
BABBBACAAACCCCBBBAAAAB,22,1,14,1,0.485229,13,0.000888294
BABBBCB,7,1,7,0,0.0013326,6,2.5227e-5
BABBBDBBDDBAABDBDBDB,20,1,13,5,0.166471,10,0.000642663
BABBCABA,8,1,6,2,0.0016783,6,3.6717e-5
BABBCCBCBDACACCCAB,18,1,14,3,0.0143336,12,0.000456548
BABCBCBC,8,1,5,1,0.0014118,5,3.3101e-5
BABCDAAAACABBAACB,17,1,12,1,0.0070744,12,0.000380386
BABDADCBBABDBCCABDB,19,1,13,2,0.0276665,12,0.000540651
BABDBACDADCCACBA,16,1,13,2,0.0033709,12,0.00031293
BABDBBAABABABACBABAB,20,1,11,1,0.240344,9,0.000645824
BABDBDDBDA,10,1,7,2,0.0017885,6,6.8833e-5
BABDDADDA,9,1,6,1,0.0016966,6,4.8507e-5
BACAABBBADABDAADA,17,1,13,4,0.0064183,11,0.000376416
BACAABBCD,9,1,9,0,0.0016524,8,5.438e-5
BACAACAAACAADABAABCA,20,1,12,2,0.159953,11,0.000683001
BACABBA,7,1,5,1,0.0014108,5,2.6283e-5
BACABBABABBAADBAAAAB,20,1,13,5,0.158686,11,0.000659203
BACABDBBB,9,1,9,0,0.0014196,8,5.0605e-5
BACACCAACAA,11,1,7,3,0.0015874,6,9.2369e-5
BACADABDCDABDBBADABDBDD,23,1,14,3,0.685592,12,0.00104032
BACBABDAABABBDBB,16,1,12,4,0.0045797,9,0.000311803
BACBBABBDBACBCCDCDB,19,1,13,1,0.0232983,12,0.000557839
BACBCDCDDBBDCD,14,1,11,2,0.0023443,10,0.000197171
BACBDDDBDBAD,12,1,9,1,0.0018877,8,0.000125539
BACCAAABABAA,12,1,9,3,0.002021,8,0.000119289
BACCBDBDACAACDAAAC,18,1,12,1,0.0139906,11,0.000454035
BACCCAACAACBCCBAACC,19,1,12,1,0.0532041,11,0.000540551
BACDBDAACBBDBAAADCCA,20,1,16,1,0.0497209,15,0.000658774
BADAAABADDCBCDDDD,17,1,13,2,0.0123435,12,0.000370885
BADAAADBABCDDACDDBADD,21,1,15,5,0.156103,13,0.000764345
BADACADBABCABCACBCDC,20,1,14,1,0.0602654,13,0.000654906
BADBAACC,8,1,6,1,0.001422,6,3.7807e-5
BADBACAAAABB,12,1,9,1,0.0019649,9,0.00012639
BADBBBDADBBABBABBAB,19,1,12,7,0.0732101,10,0.000522941
BADBCD,6,1,6,0,0.0014086,5,1.754e-5
BADBDBDAADDACBBCA,17,1,14,3,0.0097179,13,0.000374854
BADBDCABDCBDCADDABAADACCD,25,1,17,1,2.65261,16,0.0013945
BADBDCBADBADABD,15,1,9,1,0.0061277,8,0.000261538
BADCCA,6,1,6,0,0.0017708,5,1.7333e-5
BADCDAAADBCADD,14,1,11,1,0.0030111,11,0.000203141
BADD,4,1,4,0,0.0018517,3,9.204e-6
BADDBBABDDBBBBDD,16,1,10,1,0.0263538,8,0.000303593
BADDCCBBCD,10,1,10,0,0.0021537,9,6.7749e-5
BADDDABBADBB,12,1,9,2,0.0021432,8,0.000125748
BADDDBBADC,10,1,7,1,0.0016842,7,6.8331e-5
BBA,3,1,3,0,0.0017001,2,6.084e-6
BBAAAA,6,1,4,1,0.0017009,4,1.6522e-5
BBAAACDBCCACCBCBDBCA,20,1,15,2,0.110559,13,0.000700684
BBAACACABADBBDDBABDBB,21,1,15,8,0.180518,13,0.000769487
BBAACBBBABABBCDBBAB,19,1,12,1,0.0497907,11,0.000624537
BBAACCAAACC,11,1,7,1,0.0017284,7,8.9518e-5
BBAACDAABDB,11,1,9,1,0.0015165,9,9.5544e-5
BBAACDADCDDCBAAAAA,18,1,13,2,0.0151289,12,0.000447675
BBAADDADDDADCD,14,1,10,3,0.0028905,9,0.000194172
BBAB,4,1,4,0,0.0013208,3,9.508e-6
BBABBAAB,8,1,5,1,0.001541,4,3.5503e-5
BBABBAADCDBBAD,14,1,9,2,0.0031357,8,0.000198342
BBABBABBBA,10,1,5,1,0.0016849,5,5.9342e-5
BBABBBB,7,1,4,1,0.0014546,4,2.2685e-5
BBABBBBBB,9,1,5,2,0.0019155,5,4.286e-5
BBABBBCABABBC,13,1,8,1,0.0033207,7,0.000159247
BBABBDBB,8,1,5,1,0.001829,5,3.6486e-5
BBACABBBBADBAACBCA,18,1,13,2,0.0177818,11,0.00049047
BBACBBBBDCAB,12,1,9,1,0.0019424,9,0.000123826
BBACCBBBBACCBBCBBCCCC,21,1,10,2,0.464543,9,0.000808719
BBACDCCACAC,11,1,8,1,0.0015166,8,9.2493e-5
BBADBBADAD,10,1,5,1,0.0018518,5,6.3393e-5
BBADBDBBABBBBBDB,16,1,10,2,0.0138634,8,0.000309622
BBADCBDB,8,1,8,0,0.0014495,7,3.6823e-5
BBADDABAABBAA,13,1,9,2,0.0020616,7,0.000158796
BBADDACABCDBDABDAB,18,1,14,3,0.0191396,13,0.000455184
BBADDBBDBDCBBCD,15,1,12,3,0.0026756,10,0.000255209
BBB,3,1,3,0,0.0013514,2,3.817e-6
BBBAABBBBCAB,12,1,8,1,0.0023179,7,0.000120794
BBBAADABBADAADBDA,17,1,12,5,0.0135862,10,0.000450515
BBBAADCBDD,10,1,10,0,0.0016775,9,6.8254e-5
BBBABBDABBBBAABDBBCD,20,1,13,1,0.165143,12,0.000663256
BBBACBBCBACDBDDDABADCDB,23,1,17,2,0.610206,16,0.00106273
BBBADBDBA,9,1,7,2,0.001704,6,5.153e-5
BBBB,4,1,2,1,0.0012865,2,6.073e-6
BBBBACBBDBBB,12,1,8,2,0.0028767,7,0.000120613
BBBBADBB,8,1,5,1,0.0014951,5,3.5284e-5
BBBBB,5,1,3,1,0.0017181,3,9.251e-6
BBBBBBABCB,10,1,7,2,0.00165,7,6.184e-5
BBBBBBABDBAABBB,15,1,10,4,0.0044191,9,0.000243926
BBBBBBBAADBBBCDADBBDBBBB,24,1,14,6,3.72184,12,0.00119869
BBBBBBBBBD,10,1,5,2,0.0020663,5,3.6182e-5
BBBBBBCABBB,11,1,6,1,0.003229,6,8.3831e-5
BBBBBBCCADCCABB,15,1,9,2,0.0089349,9,0.000241458
BBBBBBCCB,9,1,6,2,0.0019735,6,4.3644e-5
BBBBBCBDDDDDDABBDCDBC,21,1,15,2,0.193906,14,0.000759241
BBBBBDAAAA,10,1,7,1,0.0019186,7,6.3879e-5
BBBBBDCDCBCBC,13,1,9,1,0.0030959,9,0.0001663
BBBBC,5,1,3,1,0.0017064,3,1.1393e-5
BBBBCABACBDBADCAB,17,1,13,2,0.0085438,12,0.000381564
BBBBCB,6,1,4,1,0.0017193,4,1.8478e-5
BBBBCBBB,8,1,5,2,0.0019208,4,3.3613e-5
BBBBCBCBCBBCCBDBBB,18,1,12,13,0.0487076,9,0.000448619
BBBBCC,6,1,4,1,0.0014287,4,1.6183e-5
BBBBCCB,7,1,5,1,0.0016106,5,2.5569e-5
BBBBCCBA,8,1,6,1,0.0017789,6,3.542e-5
BBBBCDCCCCACACBBCCCACCDAC,25,1,15,3,4.70597,13,0.00139768
BBBBDAAADBCADB,14,1,10,1,0.0027332,10,0.000198165
BBBBDB,6,1,4,1,0.0014589,4,1.6145e-5
BBBBDBBBBAABBAABDB,18,1,11,8,0.0432575,8,0.000453164
BBBBDCBBDDBBCBBD,16,1,8,1,0.0113412,8,0.000326332
BBBBDDBBB,9,1,6,2,0.0018692,5,4.9636e-5
BBBCAAABBBBACACABBABB,21,1,13,4,0.44638,10,0.000761456
BBBCBBBCBDB,11,1,7,2,0.0020437,7,8.5571e-5
BBBCBBCCBAACBABBBABAABA,23,1,14,4,1.24678,12,0.00104092
BBBCBCABDACACDADAD,18,1,14,4,0.0196603,12,0.000458311
BBBCCCBBBBA,11,1,8,2,0.0021764,7,9.0163e-5
BBBD,4,1,4,0,0.0017656,3,8.852e-6
BBBDACDACCCBBDA,15,1,10,2,0.0053535,9,0.000246598
BBBDBB,6,1,4,1,0.0013328,4,1.6607e-5
BBBDBBAABBBBBDBCACA,19,1,12,2,0.0634782,11,0.000536651
BBBDBCABBCCCBAB,15,1,12,1,0.0030898,11,0.000249412
BBBDBDBBDDBBC,13,1,9,6,0.0022211,7,0.000155964
BBBDBDBDBBBC,12,1,8,5,0.0020689,7,0.000113123
BBBDCACCBABDCCAAA,17,1,14,3,0.0073419,13,0.000403071
BBBDCDBACBBDABDACACBBBBBC,25,1,17,5,3.4989,14,0.00139975
BBBDDBBDBBDBBBBBBB,18,1,9,1,0.0694945,8,0.00042339
BBBDDCDBDBDBBABBC,17,1,12,1,0.0178221,11,0.000371342
BBBDDDACDB,10,1,10,0,0.0014158,9,7.0401e-5
BBBDDDADABBDDADD,16,1,10,1,0.0156675,9,0.000298095
BBC,3,1,3,0,0.0017287,2,5.585e-6
BBCBBCBBDBBCBBCDBD,18,1,9,2,0.0564176,8,0.000428032
BBCBBCBCACAABCCB,16,1,11,4,0.0060828,9,0.000305588
BBCBC,5,1,3,1,0.001457,3,1.1954e-5
BBCBCABCCABBCCDBDACD,20,1,14,2,0.055585,11,0.000659027
BBCBDAAD,8,1,8,0,0.0040022,7,3.6966e-5
BBCBDBBBCBBBCD,14,1,8,2,0.0060036,7,0.000196587
BBCCABCC,8,1,5,1,0.0018352,5,3.5616e-5
BBCCACADACABCA,14,1,10,4,0.0038082,8,0.000203504
BBCCBDABBBDDB,13,1,10,1,0.002224,10,0.000164224
BBCCDCBCABDCCBDCCB,18,1,12,2,0.0202119,11,0.000467256
BBCCDCCB,8,1,6,1,0.0015273,6,3.6976e-5
BBCDAB,6,1,6,0,0.0015759,5,1.7354e-5
BBCDBC,6,1,4,1,0.0015844,4,1.7495e-5
BBCDBDBBDABBBBDABBCDBB,22,1,12,6,0.952394,9,0.00088164
BBCDDBABDABDA,13,1,10,2,0.0022624,10,0.000158037
BBCDDDCACBCDBCCB,16,1,12,1,0.0046492,11,0.00031288
BBDAAABAB,9,1,7,1,0.0013731,7,4.8912e-5
BBDAABADA,9,1,7,1,0.0013061,7,5.1448e-5
BBDAADCBCBABACCDDCC,19,1,16,3,0.0340276,15,0.000549356
BBDABBAADCADD,13,1,10,1,0.0023202,10,0.000163753
BBDABBBBDCCCABA,15,1,11,2,0.0046081,10,0.000251392
BBDABCCBBCBABBBBCBB,19,1,13,11,0.0926797,11,0.000614891
BBDADBBDBDBDAD,14,1,8,2,0.0035836,6,0.000193485
BBDBBB,6,1,4,1,0.0016851,4,1.7108e-5
BBDBCBDBCDD,11,1,7,1,0.0017365,7,8.9538e-5
BBDBCCBDBBACBC,14,1,11,5,0.0024131,10,0.000206934
BBDBDBACBCABCBB,15,1,11,1,0.0048099,11,0.000254076
BBDBDBBBBBABD,13,1,9,3,0.0033178,8,0.000156931
BBDCBABBD,9,1,6,1,0.0014207,6,4.9175e-5
BBDCBCCACBCCC,13,1,9,1,0.0022977,9,0.000158257
BBDCDBBCCACDCACB,16,1,12,3,0.0051466,11,0.000312943
BBDDABDBADBAADAAAABAABA,23,1,16,7,0.779319,12,0.00107858
BBDDBBB,7,1,5,1,0.0018976,5,2.4616e-5
BBDDBDB,7,1,5,2,0.0019487,4,2.4238e-5
BBDDBDBADBBDCAAA,16,1,12,3,0.0053147,10,0.000314276
BBDDDDBDDAADDDDBBD,18,1,11,2,0.035761,9,0.000445441
BCAAAACABCCDBBABCC,18,1,12,1,0.0191182,11,0.000454101
BCAAABABCABBAABDCABDCBCA,24,1,15,12,1.90696,11,0.00121272
BCAABABBAABBAB,14,1,9,3,0.0038627,7,0.000199912
BCAABACAAADAAAAA,16,1,11,2,0.0108106,10,0.000326818
BCAADDDBAB,10,1,10,0,0.0013878,9,7.4352e-5
BCABB,5,1,5,0,0.0013694,4,1.2772e-5
BCABBCACDCAACCCAD,17,1,12,1,0.007797,11,0.000390894
BCABCADCAC,10,1,6,1,0.001531,6,6.7527e-5
BCABCCADBCACBCBACD,18,1,13,6,0.0194453,10,0.000469664
BCABCD,6,1,4,1,0.0013733,4,1.7348e-5
BCABDBBBCBCBABCDABDBBAB,23,1,14,3,0.772477,12,0.00105424
BCACA,5,1,3,1,0.0016048,3,1.2593e-5
BCACAB,6,1,4,1,0.001617,4,1.6712e-5
BCACAC,6,1,4,2,0.0017666,4,1.6055e-5
BCACBCABAA,10,1,7,1,0.0016228,7,7.0479e-5
BCACCCCCDAAC,12,1,9,1,0.0023993,9,0.000120275
BCADAA,6,1,6,0,0.0019185,5,1.7185e-5
BCADBADDDDDBCCAACB,18,1,14,2,0.0168459,12,0.000457019
BCADBDBBCCDDDAABBBCCAD,22,1,16,1,0.314261,15,0.000933944
BCADBDCABDCADDBDADABCABA,24,1,16,6,1.13298,12,0.00120497
BCADCD,6,1,6,0,0.0015379,5,1.7891e-5
BCADCDDCDBDCDDBDDDBD,20,1,13,7,0.105338,10,0.000649731
BCADDBBDBBABDBBABDBBCADBB,25,1,13,7,5.19283,10,0.00132953
BCB,3,1,3,0,0.0020819,2,5.743e-6
BCBA,4,1,4,0,0.0027792,3,9.527e-6
BCBAABAAAABCAAACA,17,1,11,3,0.0270694,8,0.000372967
BCBAABAB,8,1,6,2,0.0015367,5,3.5973e-5
BCBAABACDBACCDDAABAADB,22,1,16,8,0.198687,13,0.000899233
BCBAABDBCDBDADBBBBBA,20,1,15,1,0.0827866,14,0.000749174
BCBABCBAACB,11,1,6,1,0.0022995,6,8.9123e-5
BCBACBCCBAAAACCCC,17,1,12,3,0.011773,10,0.000373507
BCBADCCB,8,1,6,1,0.0016431,6,3.688e-5
BCBBABCBB,9,1,5,1,0.0015529,5,4.7211e-5
BCBBACACCADBCD,14,1,11,2,0.0027875,10,0.000273784
BCBBBABACBCBACBCB,17,1,10,8,0.0233914,8,0.000355472
BCBBBB,6,1,4,1,0.001661,4,1.6404e-5
BCBBBCCB,8,1,6,2,0.0018135,5,3.597e-5
BCBBCB,6,1,3,1,0.001741,3,1.5947e-5
BCBBCBBBBDBBBCBB,16,1,8,1,0.017746,7,0.000294426
BCBBCCDCDDDBBBDBDCBCCCBCA,25,1,18,6,2.05894,15,0.00140527
BCBBCCDDCDD,11,1,7,1,0.0015198,7,9.0856e-5
BCBBCDADBBDCBDBBDBBBB,21,1,14,6,0.31227,12,0.000763525
BCBCABBBBBBACA,14,1,10,4,0.0032903,9,0.000197441
BCBCABCCBCCBBCCA,16,1,9,1,0.0109631,8,0.000304563
BCBCBACDABCA,12,1,9,1,0.0020231,9,0.00012189
BCBCBBBCBA,10,1,6,2,0.0014334,6,6.7291e-5
BCBCBBDBBCB,11,1,7,2,0.0016745,6,9.0853e-5
BCBCBCABC,9,1,5,1,0.0014664,5,4.8075e-5
BCBCBDBBCCCCDB,14,1,10,3,0.0023963,9,0.000199709
BCBCCAABDCDDCBBDCDCCACD,23,1,15,1,0.79817,13,0.00106199
BCBCCCADDBCBBDBDCCCBBD,22,1,15,6,0.41101,12,0.000901249
BCBCCCC,7,1,5,2,0.0013317,4,2.2779e-5
BCBCDBD,7,1,5,1,0.0013238,5,2.4499e-5
BCBCDCCBDBABDB,14,1,10,1,0.0031357,9,0.000202991
BCBCDDBADBC,11,1,8,2,0.0016312,7,9.4149e-5
BCBCDDDDDBDDBCDBC,17,1,10,1,0.0280634,8,0.000366733
BCBDBCCBBBBDACBBBDCB,20,1,13,4,0.124144,12,0.000654518
BCBDCABCB,9,1,6,1,0.0017645,6,5.0466e-5
BCBDCCABCBB,11,1,8,1,0.0018641,8,9.276e-5
BCBDDBBCBCCC,12,1,9,2,0.0021162,8,0.00011959
BCCABBBBDBDDABBDBCCB,20,1,14,7,0.0594506,11,0.000648753
BCCABDAACBBADCD,15,1,15,0,0.002702,14,0.000357885
BCCAD,5,1,5,0,0.0018269,4,1.2708e-5
BCCB,4,1,4,0,0.0015694,3,9.218e-6
BCCBACCD,8,1,6,1,0.0016792,6,3.6654e-5
BCCBBABDDBC,11,1,9,1,0.0019161,9,9.6025e-5
BCCBCCACCBAB,12,1,8,2,0.0020735,7,0.000122988
BCCBCDBADB,10,1,7,1,0.0018923,7,6.9411e-5
BCCCABDCBBCCC,13,1,9,1,0.0025646,9,0.000159571
BCCCBACAAACDCA,14,1,12,2,0.0026352,11,0.000219804
BCCCBBBCCCBCCACCC,17,1,9,1,0.0335671,8,0.000361428
BCCCBCDCBDBDBCBADCDB,20,1,15,7,0.114646,13,0.000653892
BCCCCAACBDBACCDADDABBBCD,24,1,20,5,0.573734,18,0.00122634
BCCCCBBCCDBCADDDDBDDC,21,1,15,3,0.175249,13,0.000774943
BCCCCCDDDADCACCDACDDCDDCD,25,1,16,1,3.29155,13,0.00137597
BCCCDCDCC,9,1,6,1,0.0017773,6,4.8966e-5
BCCCDDABCADBACABD,17,1,15,3,0.0095302,13,0.000383616
BCCCDDCAC,9,1,9,0,0.00165,8,6.987e-5
BCCDBCBBCCABBBBBCAD,19,1,13,1,0.0730191,11,0.00079966
BCCDCAADAACAAACBCDDAACB,23,1,15,4,0.852425,12,0.0011128
BCCDCADDCCCCDCCCCCBCCBBC,24,1,15,13,2.56667,12,0.00125284
BCCDDAAAACACACDDBC,18,1,12,1,0.0226619,11,0.000450419
BCCDDDCD,8,1,6,1,0.0013874,6,4.1332e-5
BCDAABBADDBCCBAAACCB,20,1,16,4,0.0435255,14,0.000651641
BCDACBCBBBDDCDA,15,1,11,1,0.0035436,10,0.000257352
BCDBBABCBDBC,12,1,9,2,0.0016991,8,0.000123627
BCDBBCDBCDCDBBCDBCDCD,21,1,7,1,0.904271,6,0.000621972
BCDBBDBBDBBBBCADABBBBBB,23,1,14,8,1.45961,12,0.00102218
BCDBC,5,1,3,1,0.0017294,3,1.2119e-5
BCDBCBBCBDCBBCBBCBCB,20,1,10,2,0.381724,9,0.000616882
BCDBCDBCBBCABB,14,1,9,4,0.0045187,8,0.000189144
BCDBCDDBBBCDCB,14,1,9,1,0.0033317,8,0.000199596
BCDCBADB,8,1,8,0,0.0017173,7,3.6614e-5
BCDCBCCACBADCC,14,1,11,2,0.0024245,10,0.000203573
BCDCBDDDDDCADDCDDDDCDCBDD,25,1,14,19,9.93395,11,0.00138214
BCDCCC,6,1,6,0,0.0019234,5,1.7832e-5
BCDCCDBCBB,10,1,8,2,0.0016269,7,6.836e-5
BCDCDDBABDDBCA,14,1,11,3,0.0025375,10,0.000203319
BCDCDDBB,8,1,6,1,0.0016759,6,3.6268e-5
BCDDABDAADAABAA,15,1,11,2,0.0051009,10,0.000251317
BCDDBDCDA,9,1,7,1,0.001812,7,5.2763e-5
BCDDCACDACCDAB,14,1,10,1,0.003773,9,0.000202685
BCDDCDCCDACDCBDDCCD,19,1,12,2,0.0461131,10,0.000546212
BCDDDBCAB,9,1,7,1,0.0013934,7,5.0316e-5
BDA,3,1,3,0,0.0014914,2,6.199e-6
BDAAAAAAA,9,1,6,2,0.0015269,5,3.7541e-5
BDAADDDBDDB,11,1,8,1,0.001712,7,9.0144e-5
BDABABBABBBABBBA,16,1,9,4,0.0112474,7,0.000278283
BDABADABCCACCBBBAA,18,1,14,2,0.012799,13,0.000568977
BDABBBBDBBDBBACBDBCBB,21,1,14,5,0.358822,12,0.000763472
BDABBBCBBBBBBBCCCCDACBBBB,25,1,14,2,5.9826,12,0.00135959
BDABBBDCDCDDAD,14,1,11,3,0.0025699,10,0.000200024
BDABBCABDCCBDDBDBDDBDBCAC,25,1,15,1,3.29167,13,0.00136411
BDABDAABDAC,11,1,6,2,0.0022472,5,8.5686e-5
BDABDCBADBAD,12,1,8,1,0.002138,8,0.000123603
BDAC,4,1,4,0,0.001803,3,9.196e-6
BDACADCCAAABADAACDABC,21,1,17,6,0.0921478,15,0.00084706
BDACDCBCCBCD,12,1,9,2,0.0021871,8,0.00012318
BDADAAABDABCACADADBDABBD,24,1,15,2,1.67999,12,0.00123404
BDADABDAADDAADADBD,18,1,11,6,0.0523574,8,0.000445504
BDADADA,7,1,4,1,0.0016077,4,2.1923e-5
BDADBDCDCDBAADDDDADDAABDB,25,1,18,14,2.60462,15,0.00139401
BDADCCBDBBDBCDDBBDAD,20,1,13,2,0.0808585,11,0.000654798
BDADDDADDCDCDCDDCC,18,1,12,8,0.0382266,10,0.000448675
BDB,3,1,3,0,0.001559,2,5.654e-6
BDBAADABA,9,1,7,1,0.0015031,7,5.1796e-5
BDBAADADDB,10,1,7,1,0.0017823,7,6.9915e-5
BDBABBBDB,9,1,6,1,0.0014628,6,5.0515e-5
BDBADABDBADBCDBDADD,19,1,12,3,0.035318,11,0.000537474
BDBADDDDDCBAD,13,1,9,1,0.0017893,9,0.000155625
BDBBAACDAB,10,1,10,0,0.0016921,9,7.1071e-5
BDBBAC,6,1,6,0,0.001338,5,1.7952e-5
BDBBB,5,1,5,0,0.0016997,4,1.2114e-5
BDBBBADBBBABAAABBDCC,20,1,13,1,0.0713333,12,0.000656152
BDBBBBD,7,1,5,2,0.001388,4,2.3702e-5
BDBBCBBDD,9,1,7,2,0.001685,6,5.233e-5
BDBBDBD,7,1,4,2,0.0016833,3,2.2151e-5
BDBBDDB,7,1,5,2,0.0013883,4,2.5192e-5
BDBBDDBCDAC,11,1,9,2,0.0014693,8,9.6108e-5
BDBCBABCDBABBDD,15,1,11,2,0.0032374,10,0.000254508
BDBCBBDBCDDB,12,1,7,1,0.0016566,7,0.000119265
BDBCBC,6,1,4,1,0.0013514,4,1.7659e-5
BDBCBDACDDDCBD,14,1,10,1,0.0020426,10,0.000205224
BDBCCCBCCDABCDB,15,1,11,1,0.0031744,10,0.000251859
BDBCCDBBCCDACDB,15,1,10,2,0.0039127,8,0.000248567
BDBCDAADACBCC,13,1,10,1,0.0021097,10,0.000159446
BDBCDCACDC,10,1,7,1,0.0016954,7,6.8873e-5
BDBD,4,1,2,1,0.0015397,2,6.697e-6
BDBDABBAB,9,1,6,1,0.0018669,6,5.0599e-5
BDBDABCDBABCDC,14,1,9,1,0.0030858,8,0.000201374
BDBDACBCABCDCACACCC,19,1,14,1,0.0437833,13,0.000561091
BDBDACBCDCCBDBDBCCCACAB,23,1,15,1,0.498186,14,0.0010577
BDBDADDDBDBBB,13,1,10,5,0.0019614,9,0.000158699
BDBDB,5,1,3,2,0.0013203,3,1.0599e-5
BDBDBDADDABDBDBD,16,1,8,1,0.0114535,7,0.000366646
BDBDBDBBCDDBBDCACCBBDDBDC,25,1,17,1,2.74047,14,0.00138399
BDBDCABCBCCCBBDDAD,18,1,14,2,0.0077838,13,0.00045875
BDBDCD,6,1,4,1,0.0012984,4,1.7131e-5
BDBDD,5,1,3,1,0.0016039,3,1.1776e-5
BDBDDBDB,8,1,5,5,0.00149,4,3.288e-5
BDBDDBDBA,9,1,6,5,0.0019353,5,4.6398e-5
BDBDDDBDDDDBCB,14,1,9,5,0.0034642,7,0.000207953
BDBDDDDD,8,1,5,1,0.0014357,5,3.3072e-5
BDCABABBCCBBCBBAABBCACBB,24,1,15,3,1.39214,12,0.00129337
BDCABBDBDADAACA,15,1,11,2,0.0034126,10,0.000252334
BDCACABACCBCCDBA,16,1,12,1,0.0052046,11,0.000313236
BDCACCBADCCBCDDBDC,18,1,13,2,0.0137484,12,0.000463385
BDCADAABABB,11,1,9,1,0.0014798,9,9.2923e-5
BDCADDCCDADCCCABBA,18,1,14,2,0.0129085,12,0.000455265
BDCBAAACABDCCCAAA,17,1,12,2,0.01155,11,0.000372484
BDCBACABDACBAAAC,16,1,12,4,0.0080899,11,0.000310436
BDCBBABABADDDABBA,17,1,12,1,0.01136,11,0.000376016
BDCBBCCCBACCCA,14,1,11,2,0.0036058,10,0.000202999
BDCBCBDAAAAB,12,1,9,2,0.0017148,8,0.000119832
BDCBCCBDCBDCD,13,1,8,2,0.0028589,7,0.000151356
BDCBCDBDCBDCBABCBDCC,20,1,12,2,0.140456,11,0.000638911
BDCBCDDABBDBDBBA,16,1,13,2,0.0059682,12,0.00031363
BDCCACBCACBCBCCDACCCCCCBC,25,1,16,8,5.28319,14,0.00139835
BDCCBBBDBACB,12,1,9,1,0.0020361,9,0.000121521
BDCCBDCCCCDDC,13,1,8,2,0.0029577,7,0.000153076
BDCDADAAA,9,1,7,1,0.0020775,7,5.0131e-5
BDCDBDCDC,9,1,5,2,0.0020682,4,4.6003e-5
BDCDDCBABC,10,1,8,1,0.0018152,8,6.9493e-5
BDD,3,1,3,0,0.001459,2,5.56e-6
BDDA,4,1,4,0,0.0016707,3,9.476e-6
BDDAACBDDADCDCCDBCBDCDADC,25,1,16,1,2.82187,13,0.00138846
BDDAADC,7,1,7,0,0.0018976,6,2.5055e-5
BDDAADDCAADBDADAACD,19,1,14,3,0.0443702,12,0.000552658
BDDAB,5,1,5,0,0.0017233,4,1.2906e-5
BDDABADAAD,10,1,8,2,0.0018169,7,6.9073e-5
BDDACBCBBBBAABD,15,1,12,2,0.0029609,11,0.000257473
BDDACCC,7,1,7,0,0.0013429,6,2.5534e-5
BDDADAADDA,10,1,6,1,0.0020113,6,6.811e-5
BDDADADDDCCDB,13,1,10,1,0.0021669,10,0.000160706
BDDADBAB,8,1,8,0,0.0014763,7,3.6439e-5
BDDADCBDACADADACDDDDACDD,24,1,15,6,1.55848,12,0.00122015
BDDADCDBDBACAAADBDBB,20,1,15,3,0.0537732,13,0.000647867
BDDBABBDCABCCAAADDBC,20,1,16,6,0.0502417,14,0.000653377
BDDBBABD,8,1,6,1,0.0015336,6,3.7835e-5
BDDBBBABA,9,1,7,1,0.0012972,7,5.0834e-5
BDDBBDDB,8,1,4,1,0.0013105,4,3.3185e-5
BDDBCCABD,9,1,7,1,0.0013495,7,5.1741e-5
BDDBD,5,1,3,1,0.0012944,3,1.2058e-5
BDDBDABDBBBABAA,15,1,11,1,0.0024951,10,0.000273156
BDDBDBDBDD,10,1,5,1,0.0015785,5,6.2245e-5
BDDBDCCCC,9,1,6,1,0.0014619,6,4.964e-5
BDDBDCCCD,9,1,7,1,0.0012977,7,5.1319e-5
BDDBDDB,7,1,4,2,0.0013907,4,2.1131e-5
BDDCBAACBCC,11,1,9,1,0.0013141,9,9.2354e-5
BDDCDACBACBCDBCD,16,1,11,2,0.0045257,10,0.000306981
BDDD,4,1,4,0,0.0016571,3,8.967e-6
BDDDBA,6,1,6,0,0.0013476,5,1.8358e-5
BDDDBBDB,8,1,6,2,0.0014404,5,3.7437e-5
BDDDCBBCACBBADABABDDA,21,1,16,5,0.156103,13,0.000774878
BDDDDBCDDDDADAD,15,1,9,1,0.0056973,9,0.000259386
BDDDDDBDDDD,11,1,5,1,0.0030207,5,8.1861e-5
CAA,3,1,3,0,0.0017054,2,5.43e-6
CAAAAAACCAABCCBACBCAAACB,24,1,14,1,2.27703,11,0.00120221
CAAAABAADAABCBBACC,18,1,13,1,0.0188928,12,0.000459386
CAAAACAA,8,1,4,1,0.0018653,4,3.4516e-5
CAAAADB,7,1,5,1,0.001695,5,2.3503e-5
CAAAB,5,1,5,0,0.0016815,4,1.2092e-5
CAAABDABABACAABABBA,19,1,12,1,0.0757169,10,0.000543305
CAAACAAACAACAAAC,16,1,7,6,0.0351006,6,0.000247946
CAAACAACABCADBACAACADCC,23,1,13,3,1.26461,11,0.00103599
CAAACCABAACCAAAADCDCACADA,25,1,16,3,3.30354,14,0.00136869
CAABAADCAABCCA,14,1,9,2,0.0026025,8,0.000198724
CAABADABDDDBD,13,1,11,2,0.0015843,10,0.000159187
CAABADCBDAAABBBB,16,1,13,2,0.0048296,12,0.000309678
CAABB,5,1,5,0,0.0013111,4,1.2772e-5
CAABCAD,7,1,5,1,0.0016015,5,2.504e-5
CAABDAAAAA,10,1,7,1,0.0015685,7,6.6259e-5
CAAC,4,1,4,0,0.0014367,3,9.22e-6
CAACAAAC,8,1,5,2,0.0014013,4,3.3937e-5
CAACAAACA,9,1,5,3,0.0014307,4,4.5423e-5
CAACD,5,1,5,0,0.0012904,4,1.2584e-5
CAACDABACADCAB,14,1,11,4,0.002115,9,0.000202588
CAACDABCDDDADAA,15,1,12,4,0.0029211,10,0.000271646
CAACDCCACBCCBBB,15,1,12,2,0.0036333,10,0.000256227
CAADADBDDAAAAAAABACBDCC,23,1,17,2,0.80378,16,0.00112315
CAADBBCDCDBCCCCACBACCBB,23,1,18,3,0.372046,15,0.00105052
CAADC,5,1,5,0,0.0015722,4,1.2674e-5
CAADDDACADDCDADBCB,18,1,14,4,0.0223388,12,0.000461261
CABAAAAA,8,1,6,1,0.0017327,6,3.3398e-5
CABAAACCBBBBDCBBBBBAAA,22,1,13,1,0.483647,13,0.000882266
CABAABDCAABAAADCBDA,19,1,14,8,0.0466685,11,0.000546219
CABABACAB,9,1,5,1,0.0017385,5,4.7187e-5
CABABBDCD,9,1,7,1,0.001338,7,5.1169e-5
CABABDCADABCBCBDB,17,1,13,3,0.0090331,11,0.000385902
CABACCCA,8,1,6,1,0.0013025,6,3.5265e-5
CABACDBACAABCB,14,1,11,3,0.002133,9,0.000202934
CABADABAAABAAB,14,1,8,3,0.0030664,7,0.000194231
CABADACABABBBCCABCAC,20,1,13,1,0.0975237,11,0.000651523
CABADCBBADDAACBDCDABABABD,25,1,18,2,2.09804,16,0.0014011
CABADCC,7,1,7,0,0.0016994,6,2.4695e-5
CABADCCACDCBCCCBCAADABAD,24,1,17,7,1.10396,14,0.00120792
CABBAADD,8,1,8,0,0.0018447,7,3.7088e-5
CABBABDBABBBBCBCBBBB,20,1,13,2,0.0931508,11,0.000643642
CABBBCBCBBBDCBDA,16,1,12,3,0.0075866,10,0.000314786
CABBBDCACACABBBACAAADBC,23,1,15,2,0.652858,14,0.00104702
CABBCBBAACA,11,1,8,1,0.0014972,8,9.41e-5
CABCA,5,1,3,1,0.0015748,3,1.2019e-5
CABCAACABADCDDBBCAA,19,1,13,2,0.0372149,12,0.000550276
CABCADDACABABD,14,1,10,2,0.002377,9,0.000201609
CABCBB,6,1,6,0,0.0012221,5,1.775e-5
CABCBCABCCC,11,1,7,2,0.0016869,6,9.0005e-5
CABCDADCDCDABAAAABDCBCDD,24,1,18,17,1.48049,14,0.00120988
CABCDBCACABBCCBBBCDBBCCDC,25,1,16,8,5.71229,13,0.00141143
CABDBCDBDCBBC,13,1,10,1,0.0016518,10,0.000159392
CABDCBADBDCCDCDBDCC,19,1,11,1,0.057872,11,0.000603255
CABDDADBBAABACBACACDABDD,24,1,17,4,1.08371,15,0.00121441
CACAACABDAAA,12,1,9,3,0.0018561,7,0.000121563
CACAACACBDCACBACC,17,1,10,1,0.0156,9,0.000371049
CACABDC,7,1,5,1,0.0013539,5,2.4553e-5
CACACACAD,9,1,4,1,0.0019731,4,3.6955e-5
CACACCACADACD,13,1,8,3,0.0023595,7,0.000152515
CACACCAD,8,1,5,1,0.0013775,5,3.5174e-5
CACACDDCBDDACCBDCCBCADCA,24,1,16,1,1.08141,14,0.00121608
CACADCCAC,9,1,6,2,0.0017534,5,4.9697e-5
CACADDDAC,9,1,7,2,0.0016095,6,4.9946e-5
CACBADCBBCAAC,13,1,10,1,0.0018004,9,0.000162998
CACBCCBCA,9,1,6,2,0.0014421,5,4.8166e-5
CACBCCCDDCDDCCCADDCD,20,1,14,11,0.0936577,11,0.000647939
CACC,4,1,4,0,0.0015414,3,9.589e-6
CACCAACCBCBC,12,1,8,1,0.0017422,7,0.000119962
CACCAACCDBDDA,13,1,10,1,0.0018417,9,0.000160324
CACCBABDAA,10,1,10,0,0.0016562,9,6.9695e-5
CACCBBDABC,10,1,10,0,0.0015589,9,7.4286e-5
CACCCACCACBCBACBCA,18,1,10,2,0.0501168,8,0.000463204
CACCCCABCCCAC,13,1,8,2,0.0022526,7,0.000155602
CACCCDCDCCCDCCADA,17,1,11,5,0.017567,9,0.000364068
CACCDCCBAACAACDCAACBBCBCC,25,1,17,4,3.34655,13,0.00139479
CACDACABCC,10,1,8,2,0.001832,8,7.234e-5
CACDACBAACBB,12,1,8,1,0.0022303,8,0.000123438
CACDACBDDAD,11,1,9,2,0.0018219,8,9.399e-5
CACDCACAAACC,12,1,8,1,0.0022403,7,0.000121137
CACDCCACDCADADCCCADD,20,1,13,8,0.105785,10,0.000646079
CACDCCDCD,9,1,6,2,0.0014776,5,4.8698e-5
CACDDDDADBCDBDDBAAAC,20,1,15,2,0.0443106,14,0.000647038
CAD,3,1,3,0,0.0014047,2,6.128e-6
CADAADADAACDAACCDADCAADA,24,1,14,3,2.99795,11,0.00119734
CADABAADBDACAAABBC,18,1,14,1,0.0173135,13,0.000483325
CADABDA,7,1,5,1,0.001754,5,2.4327e-5
CADABDC,7,1,7,0,0.0032817,6,2.5455e-5
CADABDCADADC,12,1,8,3,0.0040875,6,0.000117766
CADADDBADDDB,12,1,8,3,0.003259,7,0.00012019
CADBABBCBABCBBCBBDDBBBD,23,1,16,8,0.792267,13,0.00105604
CADBACADCACBBBB,15,1,10,1,0.0061076,10,0.000251787
CADBACADCDCDDACACA,18,1,12,3,0.0300019,11,0.000525788
CADBBACBAACDBA,14,1,11,4,0.0032682,9,0.000196682
CADBCABDBCABDBCABDBCABD,23,1,8,2,2.65511,8,0.000659359
CADCACCADAACDCADC,17,1,10,1,0.0171271,9,0.000378848
CADCBDBABCABCABAABDCAC,22,1,15,1,0.323656,13,0.000889889
CADCCCCCADCA,12,1,7,1,0.0023477,6,0.000114627
CADCDCDDBBBD,12,1,10,2,0.0020784,10,0.0001215
CADDADBBDCADCDDBCBA,19,1,15,2,0.023545,13,0.000557231
CADDCABDBB,10,1,8,1,0.0019291,8,6.9728e-5
CADDDDDDDDD,11,1,6,2,0.0025262,6,5.822e-5
CBA,3,1,3,0,0.0013426,2,5.488e-6
CBAABAAAC,9,1,6,1,0.0013861,6,4.834e-5
CBAB,4,1,4,0,0.0012575,3,9.471e-6
CBABAABCBAAADAAABAD,19,1,13,11,0.0428248,10,0.000552442
CBABBBDACDDDDBADADC,19,1,15,1,0.0289739,14,0.000563056
CBABCC,6,1,6,0,0.0012844,5,1.774e-5
CBABDACBBCAAABBA,16,1,13,1,0.0044786,12,0.000315009
CBACAACAA,9,1,6,2,0.001352,6,4.6846e-5
CBACACBADBABDBACDACDBC,22,1,15,1,0.353181,12,0.000901307
CBACBDCCAAABBCD,15,1,13,1,0.0025524,13,0.000251081
CBACCDCBCDDA,12,1,9,1,0.0018628,9,0.000124976
CBACDCCCBDCCDB,14,1,10,1,0.0031269,10,0.000202419
CBACDCCDCDACCBACDA,18,1,11,3,0.0224854,9,0.000447009
CBAD,4,1,4,0,0.0016548,3,9.315e-6
CBADADCACADDBAA,15,1,12,4,0.0037509,10,0.000255644
CBADCCBBABCCBDCBB,17,1,12,3,0.016478,10,0.000381355
CBADDDCBDDDCBA,14,1,8,2,0.0031178,7,0.000191956
CBB,3,1,3,0,0.0013588,2,5.466e-6
CBBAA,5,1,5,0,0.0015421,4,1.2493e-5
CBBABBABBBBBABA,15,1,8,1,0.0080634,7,0.00023534
CBBACBBAABCDCACBD,17,1,12,1,0.0124557,11,0.000372145
CBBADD,6,1,6,0,0.002056,5,1.7544e-5
CBBB,4,1,4,0,0.0018621,3,8.866e-6
CBBBA,5,1,5,0,0.0014116,4,1.2323e-5
CBBBABAC,8,1,6,1,0.0016755,6,3.6651e-5
CBBBABBAACBB,12,1,8,4,0.0027494,7,0.000119729
CBBBB,5,1,3,1,0.0015576,3,1.0981e-5
CBBBBACDDABCD,13,1,10,1,0.0018699,10,0.00015976
CBBBC,5,1,5,0,0.0016642,4,1.2329e-5
CBBBCBBCD,9,1,6,2,0.0016368,5,4.7519e-5
CBBBCCACAADCDDAD,16,1,13,1,0.0044754,13,0.00031702
CBBBDA,6,1,6,0,0.0014964,5,1.7267e-5
CBBCABCC,8,1,6,1,0.0017875,6,3.7069e-5
CBBCADCCDADACDACCBABBDCAB,25,1,18,2,1.83424,15,0.00139698
CBBCBAADAADDDBACD,17,1,13,1,0.0100977,12,0.000376001
CBBCBBCB,8,1,4,2,0.0016153,4,2.8508e-5
CBBCBCBAAADABACBCBC,19,1,13,4,0.0522142,12,0.000603186
CBBCBCBCBCDBCBCB,16,1,8,5,0.0241245,6,0.000282197
CBBCBCC,7,1,5,2,0.001744,4,2.4169e-5
CBBCBCCCC,9,1,6,1,0.0017377,5,4.7918e-5
CBBDABCBCCDAB,13,1,9,1,0.0025436,8,0.000159384
CBBDACDBCACBDBABABBC,20,1,15,2,0.0515495,13,0.000734958
CBBDBBCCDDADBDBCCABA,20,1,16,5,0.0372819,14,0.000650704
CBBDBCADCDADCDBCDCABBDCBA,25,1,17,4,2.40881,14,0.00141143
CBBDBCBBDBBDDBBC,16,1,9,1,0.0182538,7,0.000295785
CBBDBDACA,9,1,7,1,0.0022012,7,5.1281e-5
CBBDDDCDBCCBDCB,15,1,12,3,0.0051959,10,0.000256828
CBC,3,1,3,0,0.0016796,2,5.355e-6
CBCAAB,6,1,6,0,0.0020605,5,1.7856e-5
CBCAC,5,1,5,0,0.0020559,4,1.2776e-5
CBCACBCBDDACDDACDAABAAA,23,1,16,10,0.509626,13,0.00117317
CBCADADCCCCAB,13,1,10,1,0.0025315,10,0.000169877
CBCADDACADCAACDDBCDD,20,1,14,2,0.0873251,12,0.000682903
CBCB,4,1,2,1,0.0019125,2,7.325e-6
CBCBACCDAACBDCAABCBBA,21,1,16,3,0.136676,13,0.000843304
CBCBBAC,7,1,5,1,0.0017197,5,2.8201e-5
CBCBBB,6,1,4,1,0.0016955,4,1.6325e-5
CBCBCACDBCCB,12,1,9,3,0.0020241,8,0.000123503
CBCBCBB,7,1,4,1,0.0017711,4,2.1123e-5
CBCBCBDCADCACACBDCB,19,1,11,2,0.0823361,10,0.000548942
CBCBCC,6,1,4,2,0.0015767,4,1.6068e-5
CBCBDCAAC,9,1,7,1,0.0016653,7,5.187e-5
CBCBDDBDCBADACBDADDDCB,22,1,14,2,0.544376,12,0.000900619
CBCC,4,1,4,0,0.0017675,3,9.303e-6
CBCCACB,7,1,5,1,0.0018582,5,2.7929e-5
CBCCBBACDCCCCBCC,16,1,11,4,0.0096802,10,0.000303266
CBCCCCBCBA,10,1,7,3,0.0017485,6,6.5871e-5
CBCDACBBBBCADCADBBBCDBCB,24,1,16,2,1.48874,13,0.00120333
CBCDACBCBBCCBCBACBCCBD,22,1,13,9,1.09183,10,0.000907547
CBCDBCCACCCBDBDACA,18,1,14,7,0.0215739,12,0.000456146
CBCDBCCBCABCACABCCC,19,1,12,3,0.0626481,9,0.000604533
CBCDDCBBC,9,1,7,2,0.0023681,6,5.1484e-5
CBCDDDADCCBBCCABCCCCD,21,1,16,5,0.206313,14,0.00077271
CBD,3,1,3,0,0.0019568,2,6.295e-6
CBDAD,5,1,5,0,0.0020736,4,1.2628e-5
CBDADAD,7,1,5,2,0.0020275,5,2.3262e-5
CBDADBDDDCBADBD,15,1,10,2,0.0047128,9,0.000251789
CBDBABADCCABABDB,16,1,11,1,0.0077496,10,0.000308639
CBDBCCBBACDCDAB,15,1,12,1,0.0042737,12,0.000252561
CBDBCCDACDCB,12,1,9,1,0.0022383,9,0.0001277
CBDBCDBCBD,10,1,7,4,0.0021354,6,6.6718e-5
CBDBD,5,1,3,1,0.0016965,3,1.1924e-5
CBDBDB,6,1,4,2,0.0019078,4,1.6166e-5
CBDCAACDBB,10,1,10,0,0.0017034,9,7.2751e-5
CBDCBBDCAADBBAACDDDACC,22,1,18,4,0.337683,15,0.000906411
CBDCBDBCBCBDD,13,1,7,1,0.0030925,7,0.000156831
CBDCCDABD,9,1,7,1,0.0015808,7,5.1394e-5
CBDCDDDBADDDDCC,15,1,11,1,0.0040243,10,0.00025223
CBDDADACAD,10,1,8,2,0.0018766,7,6.8122e-5
CBDDBBADBCAACDB,15,1,12,1,0.0029317,12,0.000252527
CBDDCBCBBBCA,12,1,9,1,0.0019074,8,0.000145484
CBDDCDDDCDCDDACCCBD,19,1,12,1,0.0628985,11,0.000540754
CBDDDABADBDBDA,14,1,11,3,0.0033116,10,0.000203158
CCAAAC,6,1,6,0,0.0018053,5,1.7178e-5
CCAABAAA,8,1,6,1,0.0018928,6,3.6897e-5
CCAABAAAABAB,12,1,8,3,0.0020502,7,0.000116737
CCAABBDBDBDCCCADBA,18,1,13,2,0.0200298,12,0.000455546
CCAACADACCDCAC,14,1,11,5,0.0030586,10,0.000206614
CCAADDDCBBADCDAADBDBDDA,23,1,18,6,0.607644,16,0.00106589
CCABBCBCCABCCCA,15,1,9,3,0.0086836,7,0.000247329
CCABCCCAB,9,1,5,1,0.0016862,5,4.663e-5
CCABDBAA,8,1,8,0,0.0015069,7,3.7124e-5
CCACABAACDBA,12,1,9,2,0.0018704,8,0.000193687
CCACADBACDBBDBDDBBDBD,21,1,12,4,0.262739,11,0.000751841
CCACBBBBC,9,1,7,1,0.0019133,7,4.9291e-5
CCACBDCCCBB,11,1,8,1,0.001999,8,9.7346e-5
CCACCAADADCCADACAADCAD,22,1,13,10,1.01962,9,0.000897319
CCACDCBCDCD,11,1,8,2,0.0030118,7,9.346e-5
CCADADDBAADBBDBADDBCDC,22,1,15,2,0.335102,14,0.00089898
CCADCC,6,1,4,1,0.0019581,4,1.7301e-5
CCADCCACCBCBCCCBB,17,1,11,5,0.0248229,10,0.000387208
CCADDAADCDBDA,13,1,10,1,0.0021382,10,0.000163097
CCB,3,1,3,0,0.0018858,2,5.551e-6
CCBAC,5,1,5,0,0.0019617,4,1.231e-5
CCBACACCDAAABCCCBBB,19,1,15,2,0.0562219,14,0.000555693
CCBACADACD,10,1,8,1,0.0019646,8,7.2305e-5
CCBBBCBCDDABCDDB,16,1,11,1,0.0078207,10,0.000379696
CCBBBDDDCDCDACCCDCCBCCCD,24,1,15,1,1.77523,15,0.00120493
CCBBCABBADB,11,1,9,1,0.0019253,9,9.7947e-5
CCBBCCDB,8,1,6,1,0.001789,6,3.7735e-5
CCBBCDCBBBBDCBCDDBAD,20,1,15,2,0.102872,13,0.000663297
CCBBDBB,7,1,5,1,0.0020465,5,2.4256e-5
CCBBDCBD,8,1,6,2,0.0016979,5,3.6714e-5
CCBCAABBCBAABCCAAAAAAABCC,25,1,14,1,9.87428,12,0.00136383
CCBCBBCBBBACDBCCBB,18,1,12,2,0.0295902,10,0.000449985
CCBCBCBAAACCCBC,15,1,10,3,0.004161,9,0.000245618
CCBCCBBACCCB,12,1,7,1,0.0019961,7,0.000118041
CCBCCCCABC,10,1,7,2,0.0022,6,7.1866e-5
CCBCDDDABDADDCACDDA,19,1,14,1,0.0341235,13,0.000559293
CCBDBABCCBDBDBACCBD,19,1,10,2,0.0751331,9,0.000546742
CCBDCCCCCB,10,1,6,1,0.001829,6,6.6138e-5
CCBDCCCCCCCCCDACA,17,1,11,2,0.0247742,11,0.000338322
CCBDDB,6,1,6,0,0.0015551,5,1.7161e-5
CCC,3,1,3,0,0.001856,2,3.901e-6
CCCAADBAD,9,1,7,1,0.0020522,7,5.2409e-5
CCCABBBDABBDBBBC,16,1,12,3,0.0101073,10,0.000306102
CCCABCCCABCCCCCCADDC,20,1,10,1,0.197038,10,0.000600121
CCCACA,6,1,4,1,0.0018564,4,1.7124e-5
CCCACCACBCCACCCCCCCCCCAA,24,1,12,4,11.8932,10,0.00113479
CCCACCCCACACCAB,15,1,8,2,0.013852,7,0.000237554
CCCACDDAADAABBDAABCB,20,1,14,1,0.0915846,14,0.000654136
CCCAD,5,1,5,0,0.0016095,4,1.2602e-5
CCCADAA,7,1,7,0,0.0017447,6,2.5271e-5
CCCBACBACCCBCBABBACC,20,1,12,8,0.216698,9,0.000657207
CCCBCC,6,1,4,1,0.0019788,4,1.6943e-5
CCCBCDDCDCDBBB,14,1,11,1,0.0031095,11,0.000202744
CCCBDABCDBACBCBB,16,1,13,1,0.0059263,12,0.000314617
CCCBDCDDBABDAADA,16,1,14,2,0.0056449,13,0.000314282
CCCC,4,1,2,1,0.0020208,2,5.933e-6
CCCCABCBCBA,11,1,8,2,0.0022758,8,9.1651e-5
CCCCACBABCCCDDBCB,17,1,13,3,0.0147702,12,0.000372402
CCCCACCCC,9,1,4,1,0.0023889,4,4.5027e-5
CCCCACDDACCCCDCCDDBCBBB,23,1,16,2,0.907549,14,0.00105846
CCCCADBA,8,1,6,1,0.0022494,6,3.5763e-5
CCCCBBAAC,9,1,7,1,0.0020781,7,4.9923e-5
CCCCBCDBBCCCD,13,1,9,2,0.0030567,8,0.000156468
CCCCC,5,1,3,1,0.0015887,3,9.228e-6
CCCCCACDDCCCCDCBBACCC,21,1,14,4,0.221656,12,0.000768624
CCCCCBCDCDDCDC,14,1,10,5,0.0047561,9,0.000196945
CCCCCCACCCACC,13,1,6,1,0.0069199,6,0.000133173
CCCCCCCCCCCCCCCDDADCCC,22,1,10,2,1.33787,9,0.00074285
CCCCCCCDAACCDBCADB,18,1,13,3,0.0501372,11,0.000441559
CCCCCCCDC,9,1,6,2,0.0017238,5,3.7863e-5
CCCCCCD,7,1,4,2,0.0015601,4,1.8548e-5
CCCCCDC,7,1,5,1,0.0021053,5,2.2461e-5
CCCCDC,6,1,4,1,0.0021168,4,1.6853e-5
CCCCDCDCCDBCCBCC,16,1,9,2,0.018702,8,0.000325816
CCCDBCABBBA,11,1,11,0,0.0023395,10,9.58e-5
CCCDBCBCDC,10,1,8,2,0.0022838,7,6.9091e-5
CCCDBCCCBCCCDCDBB,17,1,11,8,0.0414003,8,0.000379779
CCCDCBBDABCCBBDCDAABDADC,24,1,17,4,1.21824,14,0.00122661
CCCDCBDB,8,1,8,0,0.0019406,7,3.6966e-5
CCCDCCCA,8,1,5,1,0.0019905,5,3.5687e-5
CCCDCDBCDCCDCBCB,16,1,10,1,0.010151,8,0.00030058
CCCDDABBDDDBBCAD,16,1,13,1,0.0075268,13,0.000316154
CCCDDCDCDDADACDCA,17,1,12,3,0.0211165,10,0.000374943
CCDA,4,1,4,0,0.0022821,3,9.285e-6
CCDAACDBDDDAAABCCBDDAA,22,1,15,3,0.358387,14,0.000896844
CCDACBACDBADBBCCBCCCBA,22,1,15,3,0.47061,12,0.000889628
CCDACCABA,9,1,7,1,0.0021616,7,5.2094e-5
CCDACCCD,8,1,5,1,0.0019831,5,3.4926e-5
CCDBBBDBCDCBBCDBBBB,19,1,12,3,0.0977323,10,0.000606643
CCDBCCACADCDADDDDCCA,20,1,14,1,0.0818974,12,0.000654713
CCDBCDDAAABCDBD,15,1,11,2,0.0042712,11,0.000249889
CCDCAAAADCAACB,14,1,9,1,0.0026107,9,0.000200716
CCDCABBABDCDBABACBDABBB,23,1,17,9,0.798526,14,0.00111704
CCDCC,5,1,3,1,0.0021517,3,1.2538e-5
CCDCCADDACCDCCDC,16,1,10,5,0.0079208,9,0.00030116
CCDCCBB,7,1,5,1,0.0019601,5,2.5077e-5
CCDCCBBAAC,10,1,8,1,0.0018901,8,6.8526e-5
CCDCCBCCBBDDADCCCDDAA,21,1,14,3,0.165634,13,0.000846893
CCDCCCC,7,1,4,1,0.0020043,4,2.4296e-5
CCDCCCCCAA,10,1,7,1,0.0018727,7,6.7471e-5
CCDCDACBCBDCDCADDDA,19,1,14,2,0.0352823,13,0.000545438
CCDCDCADDABAADDCA,17,1,13,5,0.0088828,12,0.000373372
CCDCDD,6,1,4,1,0.0016652,4,1.7272e-5
CCDDBCACDDBCBD,14,1,9,1,0.0025142,9,0.000196243
CCDDC,5,1,5,0,0.0019521,4,1.2653e-5
CCDDCCABABBDBDDAADCBBBA,23,1,18,1,0.801781,15,0.00104995
CCDDCDBBCBBBCDCBDCDDB,21,1,14,2,0.212707,12,0.000775382
CCDDCDDCBBBDDBCBDDBCC,21,1,13,3,0.170264,11,0.000752001
CCDDDACA,8,1,8,0,0.0016165,7,3.5932e-5
CDAAAAACDC,10,1,7,1,0.0021963,7,6.4582e-5
CDAAAABBABCD,12,1,9,2,0.0026564,8,0.000121111
CDAABDDC,8,1,8,0,0.0020729,7,3.6106e-5
CDAADDCDACBDBB,14,1,11,1,0.0035148,11,0.000202063
CDAB,4,1,4,0,0.0019975,3,9.756e-6
CDABADBADDADDDCCABD,19,1,14,1,0.0453294,12,0.000550631
CDABBDBA,8,1,8,0,0.002069,7,3.6428e-5
CDABDADDADABADA,15,1,9,1,0.0088217,7,0.000244185
CDABDDADBBBDBBDBDBCA,20,1,14,6,0.124748,12,0.000639483
CDACAAA,7,1,7,0,0.0024186,6,2.4706e-5
CDACABADB,9,1,9,0,0.0024041,8,5.2465e-5
CDACABDAACBABACCB,17,1,13,4,0.020828,11,0.000392488
CDACADABBAAD,12,1,10,2,0.002706,9,0.000120988
CDACBCADACACC,13,1,9,1,0.0032645,8,0.000162119
CDACBDCCBDCDBDAAAACBACDB,24,1,16,1,1.71345,14,0.00120391
CDACCACDDDCCDCDADCCDAC,22,1,13,1,0.573213,11,0.000916741
CDACCCDBDADCAABDCCD,19,1,14,1,0.0389147,13,0.000550557
CDACDB,6,1,4,1,0.002295,4,1.7427e-5
CDADCCBBACDCCCBAAADCCB,22,1,14,3,0.393992,12,0.000889174
CDADDCCADACC,12,1,9,2,0.0029012,9,0.000124566
CDADDCCADADCACDCAC,18,1,12,4,0.0376643,9,0.000445452
CDB,3,1,3,0,0.0022186,2,5.56e-6
CDBAADAADDBDCBA,15,1,11,1,0.0047353,10,0.000323993
CDBACBCBCCCABA,14,1,11,2,0.003543,11,0.000200384
CDBBB,5,1,5,0,0.0023629,4,1.2277e-5
CDBBCBBAAAABBABCBADBAAAA,24,1,16,11,2.10617,13,0.00119569
CDBBDBDBBCCACBADDAC,19,1,14,1,0.0492282,14,0.000551368
CDBCADDACCCCDBDA,16,1,12,2,0.0061382,11,0.000306677
CDBCCCDCDCADABB,15,1,12,1,0.0038023,12,0.000254692
CDBCDDBCADDBCC,14,1,8,1,0.0044763,7,0.000195496
CDBDADADBDDCABDDA,17,1,12,2,0.0255955,11,0.000373479
CDBDADBDCCCCDDDBCDAAD,21,1,16,5,0.0887669,14,0.000786206
CDBDBBCDDD,10,1,8,2,0.0017793,7,6.8474e-5
CDBDBBDABCCCB,13,1,11,2,0.0019626,10,0.000161984
CDBDBDDBDBDDB,13,1,6,2,0.0037958,6,0.000128597
CDBDCDAABCDCBDDDDDDAC,21,1,16,4,0.127766,15,0.000771886
CDBDDBDBABDDBDAACD,18,1,11,1,0.035507,9,0.000448176
CDBDDBDBDDDADCACDC,18,1,13,5,0.0228106,12,0.000451484
CDC,3,1,3,0,0.0019106,2,6.046e-6
CDCAADAAACABAAAAB,17,1,12,1,0.0212142,11,0.000375793
CDCABDAADBDDCBDDDD,18,1,14,4,0.0312187,12,0.000472662
CDCABDBACABACCCCDDCB,20,1,16,10,0.0918318,12,0.000648715
CDCABDDADDDDBBB,15,1,12,1,0.0038555,12,0.000315864
CDCADBCAAADBDDC,15,1,11,1,0.004363,10,0.000255667
CDCBACDDCBBDBCDBAB,18,1,14,6,0.0221246,12,0.000453509
CDCBBBC,7,1,7,0,0.0018262,6,2.4702e-5
CDCBCAAABABBB,13,1,11,1,0.0020051,11,0.000162292
CDCBCCB,7,1,5,1,0.0016416,5,2.6802e-5
CDCBDBBBABBAABADDBAD,20,1,14,1,0.111303,13,0.000659922
CDCC,4,1,4,0,0.0016991,3,9.182e-6
CDCCADAAADD,11,1,9,1,0.0020176,9,9.5271e-5
CDCCADDAAA,10,1,10,0,0.0018915,9,6.9074e-5
CDCCCBDDC,9,1,7,1,0.0021191,7,5.1299e-5
CDCCCCADCCCCDD,14,1,8,1,0.0046256,8,0.000197371
CDCCCDC,7,1,4,1,0.0019669,4,2.3245e-5
CDCCCDCCDDCACCCCCCAACCC,23,1,13,4,2.2361,10,0.00103865
CDCCD,5,1,3,1,0.0020482,3,1.2574e-5
CDCDBCBBCBAADCBBCDADCDDCD,25,1,16,12,4.3745,13,0.00139347
CDCDBCBDCCCDDBDDCDBB,20,1,14,3,0.0902423,12,0.000657195
CDCDBDCB,8,1,6,2,0.0018556,5,3.7201e-5
CDCDCDDBBBACDDBCDDBB,20,1,10,1,0.109635,10,0.000640294
CDCDD,5,1,3,1,0.0016057,3,1.1938e-5
CDCDDBDCCDDCCBDCCDC,19,1,11,5,0.080756,8,0.00053382
CDCDDCB,7,1,5,2,0.0019285,4,2.462e-5
CDCDDCC,7,1,5,2,0.0020039,4,2.5661e-5
CDDAADA,7,1,5,1,0.0018845,5,2.4643e-5
CDDABCDDCADACDACADCDADDCC,25,1,17,7,4.27433,13,0.00139732
CDDACABBBB,10,1,8,1,0.00158,8,6.8657e-5
CDDACADDADDB,12,1,8,2,0.0019269,7,0.000119715
CDDADAABDDBDCBD,15,1,11,1,0.0047149,10,0.000252942
CDDADBCAD,9,1,7,1,0.0019498,7,5.2654e-5
CDDBA,5,1,5,0,0.0018927,4,1.252e-5
CDDBABDDDDA,11,1,8,1,0.001808,8,9.247e-5
CDDBBADDCBB,11,1,8,1,0.0021863,8,0.000110468
CDDBBBCABDCABDDDBADBDDA,23,1,16,3,0.561018,14,0.00105882
CDDBDDBDABCBBDCCB,17,1,12,1,0.0121275,12,0.000452953
CDDCADCDBCDCDDCDDCADACDD,24,1,12,1,3.42232,10,0.00118374
CDDCADDDCCACBBBABABBBB,22,1,16,4,0.268241,14,0.000894114
CDDCBDCDDBDDD,13,1,8,1,0.0023818,8,0.000159848
CDDCCDBD,8,1,6,1,0.0014693,6,3.6221e-5
CDDCDDBC,8,1,5,1,0.0016187,5,3.5775e-5
CDDD,4,1,4,0,0.0018517,3,8.926e-6
CDDDABDBDB,10,1,8,2,0.0019855,8,6.6841e-5
CDDDBBBADBB,11,1,8,1,0.0018624,8,9.293e-5
CDDDC,5,1,5,0,0.001465,4,1.2233e-5
CDDDCBBCCBBBBABBBBACBBB,23,1,14,2,1.222,12,0.00104044
CDDDCCADDDDC,12,1,8,2,0.0021554,7,0.000119664
CDDDCDCDCBDCDDDDC,17,1,10,2,0.0259672,8,0.000369222
CDDDDC,6,1,4,1,0.0015318,4,1.6749e-5
DAA,3,1,3,0,0.0014692,2,5.736e-6
DAAAAA,6,1,4,1,0.0015733,4,1.4669e-5
DAAAAABAAAA,11,1,6,1,0.0023174,6,8.4581e-5
DAAADCABDADAABABDCA,19,1,13,4,0.0535697,10,0.000550587
DAABABBABBAABBBBD,17,1,11,5,0.024544,9,0.000363952
DAABABDCAACACCC,15,1,12,2,0.003129,11,0.000255159
DAABCBACACCDCCCACCCC,20,1,14,1,0.10816,13,0.000655766
DAABDACBCADAAACCBACA,20,1,14,2,0.0832017,13,0.000686562
DAACAAAAA,9,1,6,1,0.0017543,6,4.6675e-5
DAACACABDAABABCC,16,1,11,1,0.0126355,10,0.000305789
DAACACCAAACAAAAC,16,1,9,1,0.0335355,7,0.000295048
DAACCCDCAACCBDCDDC,18,1,12,1,0.0268814,12,0.0004547
DAACD,5,1,5,0,0.0020593,4,1.4768e-5
DAACDA,6,1,4,1,0.0020459,4,1.7385e-5
DAACDAA,7,1,4,1,0.0018419,4,2.5882e-5
DAACDDACACACC,13,1,9,2,0.0026415,8,0.000160121
DAADACAACCCDDAACADCCDA,22,1,15,8,0.436091,13,0.000900952
DAADBCABDDBAACDBCABB,20,1,13,1,0.0848767,13,0.000656528
DAADCDADCCD,11,1,8,3,0.0023784,6,9.1848e-5
DAADDCDDC,9,1,6,1,0.0021578,6,5.0449e-5
DABA,4,1,4,0,0.0021059,3,9.201e-6
DABAACDBACD,11,1,8,2,0.0017791,7,9.6095e-5
DABAADDDADDCC,13,1,10,2,0.0027561,9,0.00016299
DABAB,5,1,3,1,0.0015845,3,1.2113e-5
DABABAAB,8,1,5,1,0.0018503,5,3.5046e-5
DABABACBABBDDDADDDDCD,21,1,15,2,0.138996,13,0.000762742
DABADBA,7,1,5,1,0.0016747,5,2.4442e-5
DABADBADDBDDDBADCDDBABDCA,25,1,17,19,3.27336,13,0.00138668
DABADCCAABDBAAAAC,17,1,14,3,0.0159392,13,0.000457568
DABBAABBCBBB,12,1,8,1,0.001989,8,0.000123161
DABBBAAAAAABAAA,15,1,9,1,0.0074609,8,0.00023869
DABBBB,6,1,4,1,0.0016996,4,1.6265e-5
DABBBC,6,1,6,0,0.001862,5,1.7569e-5
DABBBDACACACAAB,15,1,11,4,0.004929,9,0.000243928
DABBCBA,7,1,7,0,0.0016244,6,2.724e-5
DABBCBACDABCBCABC,17,1,12,7,0.0180003,9,0.000374695
DABCADCA,8,1,6,1,0.00162,6,3.6558e-5
DABCCADAADBBBC,14,1,11,2,0.0023955,10,0.000199824
DABCCCBDBBCDABDCBA,18,1,14,3,0.0156334,13,0.00045754
DABCCCCDCBBCA,13,1,11,2,0.0022956,10,0.000163998
DABCDBABCDBBAA,14,1,9,1,0.0034316,8,0.000196117
DABDA,5,1,3,1,0.0019252,3,1.4245e-5
DABDAABD,8,1,5,1,0.0020539,4,3.4973e-5
DABDB,5,1,5,0,0.0019597,4,1.2801e-5
DABDBDBADBADAAB,15,1,10,2,0.0077616,9,0.000248588
DABDCBCABDDCBCBC,16,1,10,3,0.011553,9,0.000308657
DABDCDBCACBDCACDDDDA,20,1,15,5,0.0741374,13,0.000659681
DACABB,6,1,6,0,0.0016582,5,1.9182e-5
DACABDBDBD,10,1,7,1,0.0019257,7,6.5342e-5
DACACADCADCACCCDCAC,19,1,11,1,0.107388,10,0.000534336
DACADACBAA,10,1,7,1,0.002718,7,7.0733e-5
DACBABBADDCCACB,15,1,12,2,0.0039427,11,0.000249644
DACBBBDADBBDDBBBBB,18,1,11,1,0.0323272,10,0.000446846
DACBBCCBDCBA,12,1,9,1,0.0025587,9,0.000202108
DACBBDBBDBDB,12,1,8,3,0.0028533,7,0.000115537
DACBCABBBDAAADDAADDDBCD,23,1,17,1,0.706452,16,0.0010628
DACBCADD,8,1,8,0,0.0019881,7,3.7264e-5
DACBDA,6,1,4,1,0.0019617,4,1.7533e-5
DACBDBDAADAADACDDCAABC,22,1,16,5,0.397114,14,0.000894326
DACCBBDDCCADDDCBACB,19,1,15,5,0.0269072,13,0.000546979
DACCBDDDDABDDBABCDDBB,21,1,15,1,0.136534,13,0.000772646
DACCCDBDAAACDADCDB,18,1,13,3,0.0261335,12,0.000462088
DACD,4,1,4,0,0.0018361,3,9.357e-6
DACDABBBBABACCAADABBBACA,24,1,16,10,1.90503,14,0.00120414
DACDADDACDDACACCCDDAC,21,1,11,2,0.335286,9,0.000754993
DACDDABBDBDDDACBAD,18,1,13,2,0.0229785,12,0.000450571
DACDDDDCBA,10,1,8,1,0.00207,8,6.8837e-5
DAD,3,1,3,0,0.0018261,2,5.454e-6
DADAAADDDBDD,12,1,9,2,0.0023039,8,0.000121018
DADAAD,6,1,4,2,0.0015486,3,1.842e-5
DADAADAADA,10,1,5,3,0.0018355,4,5.661e-5
DADABABACAC,11,1,8,3,0.0021925,7,9.1804e-5
DADABDDD,8,1,6,1,0.001869,6,3.5674e-5
DADACBB,7,1,5,1,0.0015398,5,2.396e-5
DADADAA,7,1,4,1,0.0015599,4,2.1666e-5
DADADCDADABBDACDDAC,19,1,11,1,0.0691946,10,0.000543821
DADADCDADACD,12,1,7,1,0.0032943,6,0.000115738
DADADDDBBCBBDDDCDCBD,20,1,15,4,0.113372,12,0.000656279
DADBA,5,1,5,0,0.001504,4,1.2628e-5
DADBAADD,8,1,6,1,0.0016848,6,3.751e-5
DADBADABBCC,11,1,9,2,0.0016673,9,9.4084e-5
DADBADBDAD,10,1,6,2,0.0017699,5,6.8226e-5
DADBBCADBCAABDCB,16,1,13,4,0.0083017,11,0.000312652
DADBDADAB,9,1,6,2,0.0016231,5,4.8928e-5
DADBDADCCAABDACABAD,19,1,14,7,0.0446447,11,0.00055428
DADCBBDBBCCCDDACC,17,1,13,1,0.0103856,13,0.000388154
DADCBCAAABCDDCD,15,1,12,1,0.0035666,11,0.000253851
DADCBCDCAAACCBCDBADB,20,1,15,1,0.0629928,14,0.000657519
DADCCAD,7,1,5,1,0.0018327,5,2.5305e-5
DADCCDBDD,9,1,9,0,0.0015254,8,5.3902e-5
DADCCDCACCACBACBBC,18,1,13,1,0.018552,12,0.000456676
DADD,4,1,4,0,0.0015122,3,9.35e-6
DADDA,5,1,3,1,0.0015729,3,1.2522e-5
DADDBA,6,1,6,0,0.0015512,5,1.8144e-5
DADDBCAADCDDDADCBACBD,21,1,16,1,0.132621,15,0.000781644
DADDCDD,7,1,5,1,0.0018831,5,2.4357e-5
DADDCDDB,8,1,6,1,0.001922,6,3.9669e-5
DADDDADADADADDDADAADAD,22,1,9,2,5.74766,7,0.00082792
DBA,3,1,3,0,0.0019233,2,6.212e-6
DBAAABBBB,9,1,7,1,0.0019258,7,4.8003e-5
DBAABBBD,8,1,8,0,0.0015854,7,3.8903e-5
DBABAACBCA,10,1,8,1,0.0019674,8,7.0492e-5
DBABBABAABAAADDDACA,19,1,14,2,0.0652767,12,0.000533671
DBABBBBAB,9,1,6,1,0.0021008,6,4.7605e-5
DBABCADBBAABCCDCABCBD,21,1,15,1,0.139316,14,0.000770359
DBABDABBA,9,1,7,2,0.002219,6,5.2316e-5
DBABDBACBABAAAACBCD,19,1,14,7,0.0531078,12,0.000546302
DBACBBDDDBADDDBAC,17,1,10,2,0.0196593,9,0.000371397
DBACD,5,1,5,0,0.0019427,4,1.2282e-5
DBACDDAA,8,1,8,0,0.0017722,7,3.6849e-5
DBADCBBABBCBBB,14,1,10,2,0.0031693,9,0.0002021
DBADCDDBCA,10,1,8,1,0.0021681,8,6.9976e-5
DBADDDCADCDBDCAA,16,1,11,1,0.0058147,10,0.000311455
DBB,3,1,3,0,0.0021686,2,5.65e-6
DBBAB,5,1,5,0,0.0021957,4,1.2557e-5
DBBABADBBAB,11,1,6,2,0.0025376,5,8.4585e-5
DBBADADDAD,10,1,7,2,0.0022066,6,6.7869e-5
DBBB,4,1,4,0,0.0020389,3,9.011e-6
DBBBBABABAAADBCAAABABAABC,25,1,15,1,5.95152,13,0.00139848
DBBBBACCBBCDDBBBDDDDC,21,1,15,4,0.306006,13,0.000773479
DBBBBBB,7,1,4,2,0.0019627,4,1.8725e-5
DBBBBBDBBDDBBCBBCD,18,1,11,4,0.044411,9,0.000451906
DBBBDADAB,9,1,7,1,0.0020409,7,4.8981e-5
DBBBDDBCADDBBB,14,1,9,2,0.0035334,8,0.000200142
DBBBDDBCC,9,1,7,1,0.001877,7,5.4238e-5
DBBBDDDBACBCABAAABAA,20,1,15,2,0.0862934,14,0.000655539
DBBCABCBCA,10,1,6,1,0.0028941,6,6.8633e-5
DBBCABCDDADC,12,1,10,1,0.0022915,10,0.000124814
DBBCBAAADC,10,1,10,0,0.0020604,9,6.9336e-5
DBBCBB,6,1,4,1,0.0021586,4,1.7204e-5
DBBCBBCBB,9,1,5,2,0.002323,5,0.000112408
DBBCBCABCCBBCBBCCA,18,1,11,5,0.0617684,9,0.000449032
DBBCCDC,7,1,7,0,0.0020109,6,2.4464e-5
DBBCDACDBCBBBCDDADC,19,1,14,3,0.0438708,11,0.000545427
DBBCDBBCDBADBBDCDBCD,20,1,12,10,0.198635,10,0.000635558
DBBD,4,1,4,0,0.0020816,3,9.242e-6
DBBDADBADBCDBDBBDBBDBBCDC,25,1,14,3,5.38217,11,0.00134915
DBBDBABBDBDBDBBABBBCBBAB,24,1,14,2,4.75281,11,0.00119472
DBBDBBDDDCDDDDDBBBBCDCDD,24,1,13,1,4.18099,12,0.00126402
DBBDCCDAC,9,1,9,0,0.0019883,8,5.2939e-5
DBCAABACABBCBABBBCCDC,21,1,16,6,0.148608,14,0.000793865
DBCABDABACCCADBCDC,18,1,14,1,0.0218067,13,0.000454711
DBCACCBCACDCBBACB,17,1,12,4,0.0116636,10,0.000412467
DBCAD,5,1,5,0,0.0016729,4,1.2746e-5
DBCADADBDDCCDCBBACDAAACAA,25,1,20,5,2.5308,17,0.00147685
DBCBACC,7,1,7,0,0.0015381,6,2.5261e-5
DBCBBACDCB,10,1,8,1,0.0015506,8,7.4337e-5
DBCBBCABCABC,12,1,7,2,0.0021421,7,0.000115512
DBCBC,5,1,3,1,0.0015245,3,1.1988e-5
DBCBCCDCCC,10,1,8,2,0.0015755,7,6.8672e-5
DBCBDDCBC,9,1,7,2,0.0019639,7,5.2823e-5
DBCCBDDBC,9,1,6,1,0.0019833,6,5.1068e-5
DBCCCDCBCDBBBBBBBCDBCBB,23,1,15,8,0.822159,12,0.00104053
DBCCDBCACA,10,1,7,2,0.0016784,6,6.7309e-5
DBCD,4,1,4,0,0.0013949,3,9.375e-6
DBCDACCCACBDBBC,15,1,12,2,0.0039643,11,0.000258601
DBCDCCCDCBDACCCCDCBBB,21,1,14,3,0.137779,13,0.000746725
DBCDCDBCDACCCCDCBA,18,1,13,6,0.0242784,11,0.000448412
DBCDDBAABAB,11,1,8,1,0.0028088,7,9.0617e-5
DBCDDBDB,8,1,5,1,0.0023789,5,3.5851e-5
DBCDDCDCDDC,11,1,7,3,0.0025602,6,8.9575e-5
DBDA,4,1,4,0,0.0019272,3,9.576e-6
DBDAABDBABBDA,13,1,9,3,0.0026566,8,0.000160377
DBDABDBBBB,10,1,7,1,0.0021248,7,6.8971e-5
DBDABDC,7,1,5,1,0.0021044,5,2.5335e-5
DBDABDDCABBCA,13,1,10,1,0.0029897,9,0.000160993
DBDADBBCBACBCDCDBACBCDB,23,1,15,10,1.24838,12,0.00103691
DBDBAAABBBA,11,1,9,2,0.002271,8,9.3031e-5
DBDBADBAD,9,1,5,1,0.0020817,5,4.526e-5
DBDBADCCBBBDDCAB,16,1,13,2,0.0038193,12,0.000310701
DBDBBADBDBABDDBDDBAB,20,1,11,1,0.153778,8,0.000644023
DBDBBBC,7,1,5,1,0.001576,5,2.3989e-5
DBDBBDDDBBBDBAA,15,1,10,1,0.0073467,8,0.000251828
DBDBBDDDD,9,1,6,1,0.0020387,5,4.8482e-5
DBDBCBDDBCBDDADBDD,18,1,10,2,0.0520189,9,0.000437922
DBDBCDACCCC,11,1,8,1,0.0020603,8,9.0177e-5
DBDBD,5,1,3,2,0.001952,3,1.0678e-5
DBDBDB,6,1,3,1,0.0018988,3,1.4437e-5
DBDBDBCBCCC,11,1,8,3,0.0017719,7,9.2816e-5
DBDCAACCAACDBCC,15,1,10,1,0.0034982,9,0.000321104
DBDCABCBBDBACADBAAAACBAA,24,1,17,2,1.38438,15,0.00122055
DBDCABCCBAAACCCA,16,1,13,1,0.0059238,13,0.00031036
DBDCADABBDBDCDADD,17,1,12,4,0.0087178,11,0.000377343
DBDCADABBDCD,12,1,9,1,0.0019297,9,0.000125649
DBDCBACBDDBBDBCAB,17,1,13,1,0.0125482,12,0.000378553
DBDCBDDACCCDBCA,15,1,13,2,0.0033802,12,0.000255061
DBDCCACCDACCCCCDBD,18,1,11,1,0.0365101,10,0.00045294
DBDCDBCABCDBBA,14,1,10,1,0.0032999,10,0.0002033
DBDCDBDBCBBADD,14,1,11,2,0.0035557,10,0.000203384
DBDCDBDDBDCDB,13,1,6,2,0.003647,5,0.000143537
DBDCDDCDCCBDCC,14,1,9,2,0.0046984,8,0.000197017
DBDDBBCCDBBB,12,1,8,1,0.0025106,8,0.000121989
DBDDDCBCBBDBCBB,15,1,10,1,0.0059769,9,0.000251676
DCAAAACDDACCDACDCCCAA,21,1,14,1,0.217315,10,0.000771666
DCAABCCDBDB,11,1,9,1,0.0021341,9,9.3557e-5
DCAACAADDADADAD,15,1,10,5,0.0062817,8,0.000265602
DCAADCBABDDCCACCDADDA,21,1,17,4,0.178345,14,0.000766501
DCAADCCCAAAAAA,14,1,9,3,0.0035318,8,0.000193622
DCABACBAB,9,1,7,2,0.0020051,7,5.1387e-5
DCABBCAABBBCACAAAABAAAB,23,1,13,1,1.52473,10,0.00103655
DCABCCCCBACDCDCADDCDDCD,23,1,15,2,0.891746,14,0.00104724
DCABDCBA,8,1,6,1,0.0019009,6,3.6252e-5
DCACAACBDADCDCBDDDBADD,22,1,16,1,0.258554,15,0.0008998
DCACAADACA,10,1,7,2,0.0021009,6,6.7383e-5
DCACABABA,9,1,6,1,0.001985,6,4.7585e-5
DCACAC,6,1,4,2,0.0018505,4,1.5925e-5
DCACADAAC,9,1,7,2,0.0019155,6,5.2694e-5
DCACBCCCCADABCCA,16,1,12,5,0.0083819,10,0.000320157
DCACCCCADDCCCDDBCBDACBB,23,1,17,1,0.568665,16,0.00105407
DCACDBCBBC,10,1,8,1,0.0016023,8,6.8621e-5
DCADBCDCBBCBB,13,1,10,3,0.0025632,8,0.000159217
DCADCA,6,1,3,1,0.0018915,3,1.6313e-5
DCB,3,1,3,0,0.0019025,2,5.447e-6
DCBAAABCDC,10,1,8,1,0.0019435,8,6.9602e-5
DCBACAAADAB,11,1,11,0,0.00192,10,9.2818e-5
DCBB,4,1,4,0,0.0019688,3,8.976e-6
DCBBDABDCDBDAD,14,1,10,2,0.0032548,9,0.000206013
DCBBDADCDBC,11,1,9,1,0.0019607,9,9.5055e-5
DCBBDBA,7,1,7,0,0.0020351,6,2.5205e-5
DCBCDABBCAA,11,1,9,1,0.0021171,9,9.4696e-5
DCBCDDBCBABBDDCCDBDD,20,1,15,3,0.104576,13,0.000658839
DCBDBBCBCACDCDACBC,18,1,13,2,0.0268847,12,0.000533306
DCBDBDACBDADCBACAD,18,1,13,9,0.0172052,9,0.00045712
DCBDDCAAAACBBAC,15,1,12,3,0.0036087,10,0.000250023
DCBDDDAABDBAB,13,1,11,2,0.002095,10,0.000160992
DCCAAADCADCDADCDC,17,1,10,2,0.018083,8,0.000368733
DCCABDBCAAA,11,1,9,1,0.0019341,9,9.4288e-5
DCCBACDDCDACCDCABDCBCCD,23,1,17,4,0.674947,14,0.00106557
DCCBBC,6,1,6,0,0.0018592,5,1.758e-5
DCCBBCDBAACBD,13,1,11,1,0.0023628,11,0.000161513
DCCBDCBDABBCBBDDCCDCDA,22,1,15,2,0.380524,12,0.000967594
DCCCCACDACBBBDBCDBBDC,21,1,16,2,0.163305,15,0.000770158
DCCCCCCC,8,1,5,2,0.0015984,4,2.4267e-5
DCCCCCCCCCBCCCDACDCAD,21,1,14,6,0.288963,12,0.000727912
DCCD,4,1,4,0,0.0014828,3,9.284e-6
DCCDACCDDC,10,1,7,2,0.001531,6,6.9346e-5
DCCDBADDCADCAA,14,1,10,1,0.0038377,9,0.000204076
DCCDBBDADACCA,13,1,10,1,0.0025334,10,0.000161087
DCCDBCCBCBBABAB,15,1,12,6,0.0036582,10,0.000252409
DCCDBDD,7,1,7,0,0.0014912,6,2.7401e-5
DCCDC,5,1,3,1,0.0018627,3,1.2343e-5
DCCDCADBDCBDACCDDBAD,20,1,15,1,0.0755537,12,0.000662471
DCCDCCACDCADCADC,16,1,9,3,0.01831,8,0.00031624
DCCDDBAD,8,1,8,0,0.00165,7,3.8227e-5
DCCDDCDDCBCA,12,1,8,1,0.0022307,8,0.000119626
DCCDDDDDDDAD,12,1,9,2,0.0026085,8,0.000110926
DCD,3,1,3,0,0.0015568,2,6.166e-6
DCDAA,5,1,5,0,0.0018258,4,1.2867e-5
DCDADABBBC,10,1,8,1,0.0017677,8,6.7956e-5
DCDADADBAADBA,13,1,8,1,0.002964,8,0.000153906
DCDADCDCABDDADC,15,1,9,1,0.0056138,8,0.000330098
DCDBAADADCA,11,1,9,2,0.0020794,8,9.3891e-5
DCDBB,5,1,5,0,0.001568,4,1.2471e-5
DCDBBBABBCCCCD,14,1,11,2,0.0026448,10,0.000200438
DCDBBBBDDDABA,13,1,11,1,0.0025415,11,0.00016368
DCDBCDBBBBDDCDAADBADCDBAC,25,1,17,2,4.08809,14,0.00146112
DCDBDADABACAA,13,1,11,1,0.0022058,11,0.000161277
DCDBDBCCCCDAADCDACDAD,21,1,15,8,0.185747,12,0.000797128
DCDBDBDBDBDBBDD,15,1,9,2,0.0102657,8,0.000212985
DCDBDCC,7,1,5,1,0.0020293,5,2.6958e-5
DCDBDDAABDACCBCBDABB,20,1,16,6,0.0886785,14,0.000658415
DCDBDDCCDBCCDBCCCCDB,20,1,11,2,0.152964,9,0.000632628
DCDBDDDDDBDBBD,14,1,10,3,0.0040881,8,0.000202201
DCDCABDCABDCCA,14,1,8,3,0.0049847,7,0.000184752
DCDCCDC,7,1,4,2,0.0021412,3,2.2633e-5
DCDCDABADBAABADBC,17,1,11,4,0.0197461,10,0.000366119
DCDCDACDACAADCDC,16,1,9,1,0.0138182,9,0.000301647
DCDCDACDC,9,1,6,3,0.0017803,5,4.7934e-5
DCDCDCDBDD,10,1,7,3,0.001971,6,6.3234e-5
DCDCDCDCDCD,11,1,5,6,0.0032233,4,4.5419e-5
DCDCDDCCCBBCAD,14,1,11,1,0.0031287,11,0.000200938
DCDD,4,1,4,0,0.001596,3,9.472e-6
DCDDABBCDBBCBCBBBDA,19,1,13,1,0.0438187,12,0.000549503
DCDDADACDD,10,1,7,2,0.0016376,6,6.822e-5
DCDDBDDCD,9,1,6,1,0.0016627,6,5.0456e-5
DCDDCBDCBDDC,12,1,7,2,0.0025742,6,0.000115213
DCDDCCAABCADCBADAC,18,1,14,1,0.019947,13,0.000464218
DCDDDBBDDBDDBCCD,16,1,10,1,0.0110515,10,0.000305735
DCDDDDAAA,9,1,7,1,0.002009,7,5.1941e-5
DDA,3,1,3,0,0.0017311,2,5.743e-6
DDAAA,5,1,5,0,0.0018353,4,1.1953e-5
DDAAAACACACACACAAAAA,20,1,10,1,0.342428,9,0.000586449
DDAAADAAAADACAA,15,1,9,3,0.0089477,8,0.000236206
DDAAADAAADAAADAA,16,1,7,3,0.0329224,6,0.000203185
DDAAADDBADDBDAA,15,1,9,2,0.005508,8,0.000253114
DDAACBDCABAABABBBA,18,1,14,1,0.015164,12,0.000461272
DDAACDCCCAACDDD,15,1,10,1,0.0031358,10,0.000271011
DDAADAAB,8,1,5,1,0.0016377,5,3.518e-5
DDAADAADDDDA,12,1,8,7,0.0029029,6,0.000115478
DDAADABDDBBBCCAA,16,1,13,1,0.0040481,12,0.000313932
DDAADDDADDDACDAADD,18,1,10,3,0.0811375,8,0.00044248
DDAADDDDDDBD,12,1,8,2,0.0030197,8,0.000114664
DDABAABA,8,1,5,1,0.0016057,5,3.4933e-5
DDABACBBDABBCADADADAAAD,23,1,17,12,1.00417,14,0.00105205
DDABADDADDAA,12,1,7,1,0.0019812,7,0.000118194
DDABB,5,1,5,0,0.0018272,4,1.2787e-5
DDAC,4,1,4,0,0.0017492,3,9.173e-6
DDACCDAADDBCDCDBCCDDDA,22,1,14,1,0.651881,12,0.00090977
DDACDCCAADBAACDCDCC,19,1,13,1,0.0402814,12,0.000625231
DDACDDDC,8,1,6,1,0.0016708,6,3.7034e-5
DDADAA,6,1,4,1,0.00186,4,1.683e-5
DDADAADAADAAD,13,1,7,4,0.0042999,5,0.000126819
DDADAADBDDDACCADDADBDDABD,25,1,15,2,3.58203,12,0.00139975
DDADAB,6,1,4,1,0.0018425,4,1.7348e-5
DDADBABCADDDCA,14,1,11,2,0.0031757,10,0.000202622
DDADBDCADBCCCDCCBCDABCBC,24,1,18,13,1.39991,15,0.00122151
DDADBDDCBBBAC,13,1,11,1,0.0024386,11,0.000163588
DDADD,5,1,3,1,0.001549,3,1.1947e-5
DDADDADBBDDADDDDCDDA,20,1,11,3,0.239896,10,0.000643688
DDADDADDDDD,11,1,6,2,0.0031611,6,8.0874e-5
DDADDBCCD,9,1,7,1,0.0020578,7,5.2141e-5
DDADDCDADDCBBACDDD,18,1,12,3,0.0444847,10,0.000444066
DDADDDDAD,9,1,5,2,0.0021617,4,4.6044e-5
DDB,3,1,3,0,0.0016767,2,5.729e-6
DDBAACDDCBDBBAADCDDDAAA,23,1,16,1,0.682352,15,0.00106746
DDBABBBAABDA,12,1,10,2,0.002281,9,0.000123246
DDBABCDACDDDDACDDC,18,1,12,3,0.0265085,11,0.000449466
DDBACBCDDDCAA,13,1,11,1,0.0027659,11,0.000163516
DDBADDBABBABADBA,16,1,8,1,0.0216634,7,0.000299764
DDBBAD,6,1,6,0,0.0019812,5,1.7781e-5
DDBBBAABBA,10,1,7,1,0.0021096,7,6.8116e-5
DDBBBCBCDDCCBBBABB,18,1,13,3,0.0314163,12,0.000456365
DDBBBDDABDD,11,1,7,1,0.0017035,7,9.2195e-5
DDBBDBBDBABB,12,1,8,4,0.0020151,7,0.000113902
DDBCBDBBDBA,11,1,7,1,0.0018119,7,9.216e-5
DDBCCCBCD,9,1,7,1,0.0019953,7,5.4722e-5
DDBCCCCDCACAACCB,16,1,12,1,0.0078564,11,0.000308224
DDBCCDC,7,1,7,0,0.0018435,6,2.5288e-5
DDBCDCADCCDCCBBBB,17,1,12,2,0.0151616,11,0.000372255
DDBDB,5,1,3,1,0.0019289,3,1.2381e-5
DDBDBACDAAABDCACADDB,20,1,15,2,0.0716228,14,0.000657873
DDBDBBDDBCDCDC,14,1,9,2,0.0043022,9,0.00020263
DDBDBCDDDBDD,12,1,8,5,0.0033434,7,0.000118422
DDBDBD,6,1,4,2,0.001634,4,1.5906e-5
DDBDBDBDDDDDD,13,1,8,7,0.0050198,6,0.000145826
DDBDD,5,1,3,1,0.0015698,3,1.1866e-5
DDBDDABB,8,1,6,1,0.0016592,6,3.6906e-5
DDBDDBDD,8,1,4,2,0.0019707,4,2.818e-5
DDBDDDCDCDDBD,13,1,8,3,0.0038847,7,0.000155256
DDC,3,1,3,0,0.0015306,2,5.336e-6
DDCAAAD,7,1,7,0,0.0018736,6,2.4491e-5
DDCAACD,7,1,7,0,0.0017611,6,2.4272e-5
DDCAADA,7,1,7,0,0.0018667,6,2.5251e-5
DDCAADDCCACCCDCCADB,19,1,14,8,0.0557522,11,0.000535401
DDCACABDDCBDD,13,1,8,1,0.0025563,7,0.000155375
DDCADAC,7,1,7,0,0.0016775,6,2.5101e-5
DDCBBDDDCBDBCBBBBDABC,21,1,14,2,0.309926,11,0.00077289
DDCBDCAACDDCADAC,16,1,11,2,0.0050891,10,0.000310239
DDCCCDCBBDCCBBD,15,1,10,2,0.0043703,8,0.000249438
DDCCDC,6,1,4,1,0.0016445,4,1.7345e-5
DDCCDDA,7,1,5,1,0.0016566,5,2.517e-5
DDCCDDDBCCBDC,13,1,10,1,0.0028471,9,0.000162026
DDCDA,5,1,5,0,0.0017852,4,7.7352e-5
DDCDABBAABDBBDDACBAA,20,1,15,1,0.0867517,13,0.000658056
DDCDBC,6,1,6,0,0.0017721,5,1.7415e-5
DDCDBDADBCDBDDADD,17,1,11,3,0.0182935,9,0.00037391
DDCDC,5,1,3,1,0.0016059,3,1.2181e-5
DDCDCCCBDDADDCDCDDDDDCBA,24,1,15,7,2.12064,13,0.00121032
DDCDCCDCBBBBBDDDB,17,1,12,1,0.0199576,11,0.000367531
DDCDCCDDCDDC,12,1,6,1,0.003337,6,0.000113207
DDCDCDABBD,10,1,8,2,0.0023135,8,6.7298e-5
DDCDCDADABBDC,13,1,9,1,0.0045367,9,0.000160026
DDCDDACCCBCAAB,14,1,12,1,0.0027483,12,0.000202166
DDD,3,1,3,0,0.0016885,2,3.942e-6
DDDAADDADCADAAD,15,1,10,3,0.0082419,8,0.000250395
DDDAADDD,8,1,5,1,0.0020958,5,3.6756e-5
DDDABCADABD,11,1,8,1,0.001949,8,9.1728e-5
DDDABDABCABCACD,15,1,11,4,0.0049175,10,0.000247427
DDDABDDABDD,11,1,6,2,0.0027513,6,7.8207e-5
DDDACDD,7,1,5,1,0.0021098,5,2.4528e-5
DDDADBCBADBADDACCC,18,1,14,6,0.0302586,11,0.000455325
DDDADBDCCDDADDDDADBD,20,1,10,1,0.15974,9,0.000629952
DDDADCACA,9,1,7,1,0.0021236,7,5.2731e-5
DDDADDCDDCACDDCABDDDD,21,1,12,4,0.347039,10,0.000764913
DDDBABD,7,1,7,0,0.0018633,6,2.7153e-5
DDDBADBCDDDADDDCDADD,20,1,13,2,0.175253,11,0.000659951
DDDBCACBD,9,1,9,0,0.0020566,8,5.1345e-5
DDDBCBDD,8,1,6,1,0.0020122,6,3.6207e-5
DDDBDACD,8,1,8,0,0.001988,7,3.7644e-5
DDDBDBBBDDABCBCDCB,18,1,14,2,0.015369,12,0.000459258
DDDBDCACDDCDACBDABACD,21,1,16,6,0.235821,13,0.000779854
DDDBDDD,7,1,4,1,0.0019699,4,2.5402e-5
DDDBDDDDBBDBBBDADCADDACA,24,1,16,1,1.94176,13,0.00121413
DDDCAAA,7,1,7,0,0.0015756,6,2.4612e-5
DDDCABBAAACCADCACBAACDABD,25,1,19,6,1.65245,16,0.00140657
DDDCACDDDCDDBBACDDDCDCDD,24,1,12,1,2.83891,10,0.00117157
DDDCBDDBACDDDDD,15,1,10,1,0.0091749,10,0.000270041
DDDCCDCDCBBBCDCDDBB,19,1,12,1,0.0871917,11,0.000544539
DDDCDC,6,1,4,1,0.0018193,4,1.7722e-5
DDDCDCAADACADCBAB,17,1,14,3,0.0094248,13,0.000377264
DDDCDDCCDDC,11,1,6,2,0.0026406,5,8.776e-5
DDDD,4,1,2,1,0.0015486,2,5.952e-6
DDDDAADDCCDACACAC,17,1,12,1,0.0204712,11,0.000371705
DDDDACAABAAAADBD,16,1,12,1,0.0056782,12,0.00030762
DDDDACDDCABDDBDCBBDD,20,1,14,3,0.14393,13,0.000660551
DDDDADDDDD,10,1,5,1,0.0026085,5,6.2704e-5
DDDDB,5,1,3,1,0.0019657,3,1.156e-5
DDDDBCCADDDDBDBD,16,1,10,3,0.0128023,9,0.000298288
DDDDCCCB,8,1,6,1,0.0015914,6,3.5293e-5
DDDDD,5,1,3,1,0.0019673,3,9.305e-6
DDDDDBDCCBDD,12,1,9,2,0.0026345,8,0.000120192
DDDDDCBBDBDBDDDDBBDD,20,1,12,3,0.289264,10,0.00066706
DDDDDCCDBB,10,1,8,1,0.0015824,8,6.9836e-5
DDDDDCD,7,1,5,1,0.0015531,5,2.1806e-5
DDDDDD,6,1,3,2,0.0018309,3,1.0736e-5
DDDDDDCABD,10,1,7,2,0.0015897,7,6.1557e-5
DDDDDDCDCCB,11,1,8,3,0.0022552,7,0.000101811
DDDDDDDADAD,11,1,7,4,0.0025205,6,7.713e-5
DDDDDDDDCCDDD,13,1,7,3,0.0055594,6,0.000132819
